generated_at,segment,target_context,feature,value,sample_size,total_r,profit_factor,winrate,avg_r,max_drawdown,confidence,rolling_last_10_r,rolling_last_20_r,rolling_last_30_r,degradation,toxicity_score,opportunity_score,classification
2026-05-29T15:17:24+00:00,GLOBAL,market_regime=HIGH_VOLATILITY,setup_type,SECONDARY_SIGNAL,5,-3.0308,0.0,0.0,-0.6062,-3.0308,LOW,-3.0308,-3.0308,-3.0308,0.0,81.3712,0.0,CONFIRMED_TOXIC
2026-05-29T15:17:24+00:00,GLOBAL,market_regime=HIGH_VOLATILITY,rejection_reason,directional_confluence_failed,5,-3.0308,0.0,0.0,-0.6062,-3.0308,LOW,-3.0308,-3.0308,-3.0308,0.0,81.3712,0.0,CONFIRMED_TOXIC
2026-05-29T15:17:24+00:00,SHORT_ONLY,SEGMENT,segment,SHORT_ONLY,21,-9.8004,0.3296,14.29,-0.4667,-11.3619,MEDIUM,-4.4385,-8.8004,-9.8004,-0.0228,73.283,0.342,CONFIRMED_TOXIC
2026-05-29T15:17:24+00:00,GLOBAL,entry_context=CHOPPY_RANGE,setup_type,MAIN_SIGNAL,5,-3.0,0.25,20.0,-0.6,-3.0,LOW,-3.0,-3.0,-3.0,0.0,64.75,0.0,UNSTABLE
2026-05-29T15:17:24+00:00,GLOBAL,entry_context=CHOPPY_RANGE,score_bucket,<60,5,-3.0,0.25,20.0,-0.6,-3.0,LOW,-3.0,-3.0,-3.0,0.0,64.75,0.0,UNSTABLE
2026-05-29T15:17:24+00:00,GLOBAL,market_regime=HIGH_VOLATILITY,entry_context,BREAKOUT,7,-3.0308,0.2481,14.29,-0.433,-3.0308,LOW,-3.0308,-3.0308,-3.0308,0.0,61.0957,0.0,UNSTABLE
2026-05-29T15:17:24+00:00,GLOBAL,entry_context=CHOPPY_RANGE,target_context,entry_context=CHOPPY_RANGE,7,-3.5896,0.2821,28.57,-0.5128,-4.0,LOW,-3.5896,-3.5896,-3.5896,0.0,58.5329,0.0,UNSTABLE
2026-05-29T15:17:24+00:00,GLOBAL,entry_context=CHOPPY_RANGE,entry_context,CHOPPY_RANGE,7,-3.5896,0.2821,28.57,-0.5128,-4.0,LOW,-3.5896,-3.5896,-3.5896,0.0,58.5329,0.0,UNSTABLE
2026-05-29T15:17:24+00:00,GLOBAL,entry_context=CHOPPY_RANGE,market_regime,RANGING,7,-3.5896,0.2821,28.57,-0.5128,-4.0,LOW,-3.5896,-3.5896,-3.5896,0.0,58.5329,0.0,UNSTABLE
2026-05-29T15:17:24+00:00,GLOBAL,entry_context=CHOPPY_RANGE,body_ratio_bucket,UNKNOWN,7,-3.5896,0.2821,28.57,-0.5128,-4.0,LOW,-3.5896,-3.5896,-3.5896,0.0,58.5329,0.0,UNSTABLE
2026-05-29T15:17:24+00:00,GLOBAL,entry_context=CHOPPY_RANGE,penalty,market_structure_range_penalty:10,7,-3.5896,0.2821,28.57,-0.5128,-4.0,LOW,-3.5896,-3.5896,-3.5896,0.0,58.5329,0.0,UNSTABLE
2026-05-29T15:17:24+00:00,GLOBAL,entry_context=CHOPPY_RANGE,rejection_reason,market_structure_range_penalty,7,-3.5896,0.2821,28.57,-0.5128,-4.0,LOW,-3.5896,-3.5896,-3.5896,0.0,58.5329,0.0,UNSTABLE
2026-05-29T15:17:24+00:00,GLOBAL,entry_context=CHOPPY_RANGE,direction,short,4,-4.0,0.0,0.0,-1.0,-4.0,LOW,-4.0,-4.0,-4.0,0.0,48.0,0.0,UNSTABLE
2026-05-29T15:17:24+00:00,SHORT_ONLY,entry_context=CHOPPY_RANGE,target_context,entry_context=CHOPPY_RANGE,4,-4.0,0.0,0.0,-1.0,-4.0,LOW,-4.0,-4.0,-4.0,0.0,48.0,0.0,UNSTABLE
2026-05-29T15:17:24+00:00,SHORT_ONLY,entry_context=CHOPPY_RANGE,direction,short,4,-4.0,0.0,0.0,-1.0,-4.0,LOW,-4.0,-4.0,-4.0,0.0,48.0,0.0,UNSTABLE
2026-05-29T15:17:24+00:00,SHORT_ONLY,entry_context=CHOPPY_RANGE,entry_context,CHOPPY_RANGE,4,-4.0,0.0,0.0,-1.0,-4.0,LOW,-4.0,-4.0,-4.0,0.0,48.0,0.0,UNSTABLE
2026-05-29T15:17:24+00:00,SHORT_ONLY,entry_context=CHOPPY_RANGE,market_regime,RANGING,4,-4.0,0.0,0.0,-1.0,-4.0,LOW,-4.0,-4.0,-4.0,0.0,48.0,0.0,UNSTABLE
2026-05-29T15:17:24+00:00,SHORT_ONLY,entry_context=CHOPPY_RANGE,body_ratio_bucket,UNKNOWN,4,-4.0,0.0,0.0,-1.0,-4.0,LOW,-4.0,-4.0,-4.0,0.0,48.0,0.0,UNSTABLE
2026-05-29T15:17:24+00:00,SHORT_ONLY,entry_context=CHOPPY_RANGE,penalty,market_structure_range_penalty:10,4,-4.0,0.0,0.0,-1.0,-4.0,LOW,-4.0,-4.0,-4.0,0.0,48.0,0.0,UNSTABLE
2026-05-29T15:17:24+00:00,SHORT_ONLY,entry_context=CHOPPY_RANGE,rejection_reason,market_structure_range_penalty,4,-4.0,0.0,0.0,-1.0,-4.0,LOW,-4.0,-4.0,-4.0,0.0,48.0,0.0,UNSTABLE
2026-05-29T15:17:24+00:00,CHOPPY_RANGE_SHORT,SEGMENT,segment,CHOPPY_RANGE_SHORT,4,-4.0,0.0,0.0,-1.0,-4.0,LOW,-4.0,-4.0,-4.0,0.0,48.0,0.0,UNSTABLE
2026-05-29T15:17:24+00:00,CHOPPY_RANGE_SHORT,entry_context=CHOPPY_RANGE,target_context,entry_context=CHOPPY_RANGE,4,-4.0,0.0,0.0,-1.0,-4.0,LOW,-4.0,-4.0,-4.0,0.0,48.0,0.0,UNSTABLE
2026-05-29T15:17:24+00:00,CHOPPY_RANGE_SHORT,entry_context=CHOPPY_RANGE,direction,short,4,-4.0,0.0,0.0,-1.0,-4.0,LOW,-4.0,-4.0,-4.0,0.0,48.0,0.0,UNSTABLE
2026-05-29T15:17:24+00:00,CHOPPY_RANGE_SHORT,entry_context=CHOPPY_RANGE,entry_context,CHOPPY_RANGE,4,-4.0,0.0,0.0,-1.0,-4.0,LOW,-4.0,-4.0,-4.0,0.0,48.0,0.0,UNSTABLE
2026-05-29T15:17:24+00:00,CHOPPY_RANGE_SHORT,entry_context=CHOPPY_RANGE,market_regime,RANGING,4,-4.0,0.0,0.0,-1.0,-4.0,LOW,-4.0,-4.0,-4.0,0.0,48.0,0.0,UNSTABLE
2026-05-29T15:17:24+00:00,CHOPPY_RANGE_SHORT,entry_context=CHOPPY_RANGE,body_ratio_bucket,UNKNOWN,4,-4.0,0.0,0.0,-1.0,-4.0,LOW,-4.0,-4.0,-4.0,0.0,48.0,0.0,UNSTABLE
2026-05-29T15:17:24+00:00,CHOPPY_RANGE_SHORT,entry_context=CHOPPY_RANGE,penalty,market_structure_range_penalty:10,4,-4.0,0.0,0.0,-1.0,-4.0,LOW,-4.0,-4.0,-4.0,0.0,48.0,0.0,UNSTABLE
2026-05-29T15:17:24+00:00,CHOPPY_RANGE_SHORT,entry_context=CHOPPY_RANGE,rejection_reason,market_structure_range_penalty,4,-4.0,0.0,0.0,-1.0,-4.0,LOW,-4.0,-4.0,-4.0,0.0,48.0,0.0,UNSTABLE
2026-05-29T15:17:24+00:00,GLOBAL,entry_context=CHOPPY_RANGE,trend_alignment,aligned,6,-2.5896,0.3526,33.33,-0.4316,-3.0,LOW,-2.5896,-2.5896,-2.5896,0.0,47.1424,0.0,UNSTABLE
2026-05-29T15:17:24+00:00,SHORT_ONLY,entry_context=CHOPPY_RANGE,session,NEW_YORK,3,-3.0,0.0,0.0,-1.0,-3.0,LOW,-3.0,-3.0,-3.0,0.0,46.0,0.0,UNSTABLE
2026-05-29T15:17:24+00:00,SHORT_ONLY,entry_context=CHOPPY_RANGE,setup_type,MAIN_SIGNAL,3,-3.0,0.0,0.0,-1.0,-3.0,LOW,-3.0,-3.0,-3.0,0.0,46.0,0.0,UNSTABLE
2026-05-29T15:17:24+00:00,SHORT_ONLY,entry_context=CHOPPY_RANGE,score_bucket,<60,3,-3.0,0.0,0.0,-1.0,-3.0,LOW,-3.0,-3.0,-3.0,0.0,46.0,0.0,UNSTABLE
2026-05-29T15:17:24+00:00,SHORT_ONLY,entry_context=CHOPPY_RANGE,rr_bucket,rr_1_5_to_2,3,-3.0,0.0,0.0,-1.0,-3.0,LOW,-3.0,-3.0,-3.0,0.0,46.0,0.0,UNSTABLE
2026-05-29T15:17:24+00:00,SHORT_ONLY,entry_context=CHOPPY_RANGE,trend_alignment,aligned,3,-3.0,0.0,0.0,-1.0,-3.0,LOW,-3.0,-3.0,-3.0,0.0,46.0,0.0,UNSTABLE
2026-05-29T15:17:24+00:00,SHORT_ONLY,entry_context=CHOPPY_RANGE,rejection_reason,body_ratio_below_threshold,3,-3.0,0.0,0.0,-1.0,-3.0,LOW,-3.0,-3.0,-3.0,0.0,46.0,0.0,UNSTABLE
2026-05-29T15:17:24+00:00,CHOPPY_RANGE_SHORT,entry_context=CHOPPY_RANGE,session,NEW_YORK,3,-3.0,0.0,0.0,-1.0,-3.0,LOW,-3.0,-3.0,-3.0,0.0,46.0,0.0,UNSTABLE
2026-05-29T15:17:24+00:00,CHOPPY_RANGE_SHORT,entry_context=CHOPPY_RANGE,setup_type,MAIN_SIGNAL,3,-3.0,0.0,0.0,-1.0,-3.0,LOW,-3.0,-3.0,-3.0,0.0,46.0,0.0,UNSTABLE
2026-05-29T15:17:24+00:00,CHOPPY_RANGE_SHORT,entry_context=CHOPPY_RANGE,score_bucket,<60,3,-3.0,0.0,0.0,-1.0,-3.0,LOW,-3.0,-3.0,-3.0,0.0,46.0,0.0,UNSTABLE
2026-05-29T15:17:24+00:00,CHOPPY_RANGE_SHORT,entry_context=CHOPPY_RANGE,rr_bucket,rr_1_5_to_2,3,-3.0,0.0,0.0,-1.0,-3.0,LOW,-3.0,-3.0,-3.0,0.0,46.0,0.0,UNSTABLE
2026-05-29T15:17:24+00:00,CHOPPY_RANGE_SHORT,entry_context=CHOPPY_RANGE,trend_alignment,aligned,3,-3.0,0.0,0.0,-1.0,-3.0,LOW,-3.0,-3.0,-3.0,0.0,46.0,0.0,UNSTABLE
2026-05-29T15:17:24+00:00,CHOPPY_RANGE_SHORT,entry_context=CHOPPY_RANGE,rejection_reason,body_ratio_below_threshold,3,-3.0,0.0,0.0,-1.0,-3.0,LOW,-3.0,-3.0,-3.0,0.0,46.0,0.0,UNSTABLE
2026-05-29T15:17:24+00:00,GLOBAL,market_regime=HIGH_VOLATILITY,score_bucket,90+,3,-2.6413,0.0,0.0,-0.8804,-2.6413,LOW,-2.6413,-2.6413,-2.6413,0.0,45.2826,0.0,UNSTABLE
2026-05-29T15:17:24+00:00,GLOBAL,entry_context=CHOPPY_RANGE,volume_bucket,volume_mid,2,-2.0,0.0,0.0,-1.0,-2.0,LOW,-2.0,-2.0,-2.0,0.0,44.0,0.0,UNSTABLE
2026-05-29T15:17:24+00:00,GLOBAL,entry_context=CHOPPY_RANGE,opened_hour_utc,21,2,-2.0,0.0,0.0,-1.0,-2.0,LOW,-2.0,-2.0,-2.0,0.0,44.0,0.0,UNSTABLE
2026-05-29T15:17:24+00:00,GLOBAL,entry_context=CHOPPY_RANGE,penalty,distance_to_liquidity_penalty:10,2,-2.0,0.0,0.0,-1.0,-2.0,LOW,-2.0,-2.0,-2.0,0.0,44.0,0.0,UNSTABLE
2026-05-29T15:17:24+00:00,GLOBAL,entry_context=CHOPPY_RANGE,rejection_reason,distance_to_liquidity_penalty,2,-2.0,0.0,0.0,-1.0,-2.0,LOW,-2.0,-2.0,-2.0,0.0,44.0,0.0,UNSTABLE
2026-05-29T15:17:24+00:00,LONDON_ONLY,entry_context=CHOPPY_RANGE,penalty,distance_to_liquidity_penalty:10,2,-2.0,0.0,0.0,-1.0,-2.0,LOW,-2.0,-2.0,-2.0,0.0,44.0,0.0,UNSTABLE
2026-05-29T15:17:24+00:00,LONDON_ONLY,entry_context=CHOPPY_RANGE,rejection_reason,directional_confluence_failed,2,-2.0,0.0,0.0,-1.0,-2.0,LOW,-2.0,-2.0,-2.0,0.0,44.0,0.0,UNSTABLE
2026-05-29T15:17:24+00:00,LONDON_ONLY,entry_context=CHOPPY_RANGE,rejection_reason,distance_to_liquidity_penalty,2,-2.0,0.0,0.0,-1.0,-2.0,LOW,-2.0,-2.0,-2.0,0.0,44.0,0.0,UNSTABLE
2026-05-29T15:17:24+00:00,SHORT_ONLY,entry_context=CHOPPY_RANGE,trade_location,premium_zone,2,-2.0,0.0,0.0,-1.0,-2.0,LOW,-2.0,-2.0,-2.0,0.0,44.0,0.0,UNSTABLE
2026-05-29T15:17:24+00:00,SHORT_ONLY,entry_context=CHOPPY_RANGE,volume_bucket,volume_mid,2,-2.0,0.0,0.0,-1.0,-2.0,LOW,-2.0,-2.0,-2.0,0.0,44.0,0.0,UNSTABLE
2026-05-29T15:17:24+00:00,SHORT_ONLY,entry_context=CHOPPY_RANGE,opened_hour_utc,21,2,-2.0,0.0,0.0,-1.0,-2.0,LOW,-2.0,-2.0,-2.0,0.0,44.0,0.0,UNSTABLE
2026-05-29T15:17:24+00:00,LONG_ONLY,market_regime=HIGH_VOLATILITY,rr_bucket,rr_2_plus,2,-2.0,0.0,0.0,-1.0,-2.0,LOW,-2.0,-2.0,-2.0,0.0,44.0,0.0,UNSTABLE
2026-05-29T15:17:24+00:00,LONG_ONLY,market_regime=HIGH_VOLATILITY,trend_alignment,aligned,2,-2.0,0.0,0.0,-1.0,-2.0,LOW,-2.0,-2.0,-2.0,0.0,44.0,0.0,UNSTABLE
2026-05-29T15:17:24+00:00,HIGH_VOLATILITY_LONG,market_regime=HIGH_VOLATILITY,rr_bucket,rr_2_plus,2,-2.0,0.0,0.0,-1.0,-2.0,LOW,-2.0,-2.0,-2.0,0.0,44.0,0.0,UNSTABLE
2026-05-29T15:17:24+00:00,HIGH_VOLATILITY_LONG,market_regime=HIGH_VOLATILITY,trend_alignment,aligned,2,-2.0,0.0,0.0,-1.0,-2.0,LOW,-2.0,-2.0,-2.0,0.0,44.0,0.0,UNSTABLE
2026-05-29T15:17:24+00:00,CHOPPY_RANGE_SHORT,entry_context=CHOPPY_RANGE,trade_location,premium_zone,2,-2.0,0.0,0.0,-1.0,-2.0,LOW,-2.0,-2.0,-2.0,0.0,44.0,0.0,UNSTABLE
2026-05-29T15:17:24+00:00,CHOPPY_RANGE_SHORT,entry_context=CHOPPY_RANGE,volume_bucket,volume_mid,2,-2.0,0.0,0.0,-1.0,-2.0,LOW,-2.0,-2.0,-2.0,0.0,44.0,0.0,UNSTABLE
2026-05-29T15:17:24+00:00,CHOPPY_RANGE_SHORT,entry_context=CHOPPY_RANGE,opened_hour_utc,21,2,-2.0,0.0,0.0,-1.0,-2.0,LOW,-2.0,-2.0,-2.0,0.0,44.0,0.0,UNSTABLE
2026-05-29T15:17:24+00:00,GLOBAL,market_regime=HIGH_VOLATILITY,session,OVERLAP,2,-1.6413,0.0,0.0,-0.8206,-1.6413,LOW,-1.6413,-1.6413,-1.6413,0.0,42.1946,0.0,UNSTABLE
2026-05-29T15:17:24+00:00,GLOBAL,market_regime=HIGH_VOLATILITY,penalty,secondary_confluence_bonus:+25,2,-1.6413,0.0,0.0,-0.8206,-1.6413,LOW,-1.6413,-1.6413,-1.6413,0.0,42.1946,0.0,UNSTABLE
2026-05-29T15:17:24+00:00,SHORT_ONLY,market_regime=HIGH_VOLATILITY,score_bucket,90+,2,-1.6413,0.0,0.0,-0.8206,-1.6413,LOW,-1.6413,-1.6413,-1.6413,0.0,42.1946,0.0,UNSTABLE
2026-05-29T15:17:24+00:00,SHORT_ONLY,market_regime=HIGH_VOLATILITY,penalty,secondary_confluence_bonus:+25,2,-1.6413,0.0,0.0,-0.8206,-1.6413,LOW,-1.6413,-1.6413,-1.6413,0.0,42.1946,0.0,UNSTABLE
2026-05-29T15:17:24+00:00,HIGH_VOLATILITY_SHORT,market_regime=HIGH_VOLATILITY,score_bucket,90+,2,-1.6413,0.0,0.0,-0.8206,-1.6413,LOW,-1.6413,-1.6413,-1.6413,0.0,42.1946,0.0,UNSTABLE
2026-05-29T15:17:24+00:00,HIGH_VOLATILITY_SHORT,market_regime=HIGH_VOLATILITY,penalty,secondary_confluence_bonus:+25,2,-1.6413,0.0,0.0,-0.8206,-1.6413,LOW,-1.6413,-1.6413,-1.6413,0.0,42.1946,0.0,UNSTABLE
2026-05-29T15:17:24+00:00,GLOBAL,entry_context=CHOPPY_RANGE,trade_location,mid_range,1,-1.0,0.0,0.0,-1.0,-1.0,LOW,-1.0,-1.0,-1.0,0.0,42.0,0.0,UNSTABLE
2026-05-29T15:17:24+00:00,GLOBAL,entry_context=CHOPPY_RANGE,trade_location,near_resistance,1,-1.0,0.0,0.0,-1.0,-1.0,LOW,-1.0,-1.0,-1.0,0.0,42.0,0.0,UNSTABLE
2026-05-29T15:17:24+00:00,GLOBAL,entry_context=CHOPPY_RANGE,score_bucket,60-69,1,-1.0,0.0,0.0,-1.0,-1.0,LOW,-1.0,-1.0,-1.0,0.0,42.0,0.0,UNSTABLE
2026-05-29T15:17:24+00:00,GLOBAL,entry_context=CHOPPY_RANGE,volume_bucket,volume_high,1,-1.0,0.0,0.0,-1.0,-1.0,LOW,-1.0,-1.0,-1.0,0.0,42.0,0.0,UNSTABLE
2026-05-29T15:17:24+00:00,GLOBAL,entry_context=CHOPPY_RANGE,trend_alignment,misaligned,1,-1.0,0.0,0.0,-1.0,-1.0,LOW,-1.0,-1.0,-1.0,0.0,42.0,0.0,UNSTABLE
2026-05-29T15:17:24+00:00,GLOBAL,entry_context=CHOPPY_RANGE,opened_hour_utc,10,1,-1.0,0.0,0.0,-1.0,-1.0,LOW,-1.0,-1.0,-1.0,0.0,42.0,0.0,UNSTABLE
2026-05-29T15:17:24+00:00,GLOBAL,entry_context=CHOPPY_RANGE,opened_hour_utc,22,1,-1.0,0.0,0.0,-1.0,-1.0,LOW,-1.0,-1.0,-1.0,0.0,42.0,0.0,UNSTABLE
2026-05-29T15:17:24+00:00,GLOBAL,entry_context=CHOPPY_RANGE,opened_hour_utc,8,1,-1.0,0.0,0.0,-1.0,-1.0,LOW,-1.0,-1.0,-1.0,0.0,42.0,0.0,UNSTABLE
2026-05-29T15:17:24+00:00,GLOBAL,entry_context=CHOPPY_RANGE,symbol,SOLUSDT,1,-1.0,0.0,0.0,-1.0,-1.0,LOW,-1.0,-1.0,-1.0,0.0,42.0,0.0,UNSTABLE
2026-05-29T15:17:24+00:00,GLOBAL,entry_context=CHOPPY_RANGE,symbol,UNIUSDT,1,-1.0,0.0,0.0,-1.0,-1.0,LOW,-1.0,-1.0,-1.0,0.0,42.0,0.0,UNSTABLE
2026-05-29T15:17:24+00:00,GLOBAL,entry_context=CHOPPY_RANGE,symbol,ETCUSDT,1,-1.0,0.0,0.0,-1.0,-1.0,LOW,-1.0,-1.0,-1.0,0.0,42.0,0.0,UNSTABLE
2026-05-29T15:17:24+00:00,GLOBAL,entry_context=CHOPPY_RANGE,symbol,ATOMUSDT,1,-1.0,0.0,0.0,-1.0,-1.0,LOW,-1.0,-1.0,-1.0,0.0,42.0,0.0,UNSTABLE
2026-05-29T15:17:24+00:00,GLOBAL,entry_context=CHOPPY_RANGE,symbol,TRXUSDT,1,-1.0,0.0,0.0,-1.0,-1.0,LOW,-1.0,-1.0,-1.0,0.0,42.0,0.0,UNSTABLE
2026-05-29T15:17:24+00:00,GLOBAL,entry_context=CHOPPY_RANGE,penalty,timeframe_alignment_penalty:10,1,-1.0,0.0,0.0,-1.0,-1.0,LOW,-1.0,-1.0,-1.0,0.0,42.0,0.0,UNSTABLE
2026-05-29T15:17:24+00:00,GLOBAL,entry_context=CHOPPY_RANGE,rejection_reason,timeframe_alignment_penalty,1,-1.0,0.0,0.0,-1.0,-1.0,LOW,-1.0,-1.0,-1.0,0.0,42.0,0.0,UNSTABLE
2026-05-29T15:17:24+00:00,GLOBAL,market_regime=HIGH_VOLATILITY,session,NEW_YORK,1,-1.0,0.0,0.0,-1.0,-1.0,LOW,-1.0,-1.0,-1.0,0.0,42.0,0.0,UNSTABLE
2026-05-29T15:17:24+00:00,GLOBAL,market_regime=HIGH_VOLATILITY,trade_location,near_support,1,-1.0,0.0,0.0,-1.0,-1.0,LOW,-1.0,-1.0,-1.0,0.0,42.0,0.0,UNSTABLE
2026-05-29T15:17:24+00:00,GLOBAL,market_regime=HIGH_VOLATILITY,trade_location,premium_zone,1,-1.0,0.0,0.0,-1.0,-1.0,LOW,-1.0,-1.0,-1.0,0.0,42.0,0.0,UNSTABLE
2026-05-29T15:17:24+00:00,GLOBAL,market_regime=HIGH_VOLATILITY,volume_bucket,volume_low,1,-1.0,0.0,0.0,-1.0,-1.0,LOW,-1.0,-1.0,-1.0,0.0,42.0,0.0,UNSTABLE
2026-05-29T15:17:24+00:00,GLOBAL,market_regime=HIGH_VOLATILITY,opened_hour_utc,10,1,-1.0,0.0,0.0,-1.0,-1.0,LOW,-1.0,-1.0,-1.0,0.0,42.0,0.0,UNSTABLE
2026-05-29T15:17:24+00:00,GLOBAL,market_regime=HIGH_VOLATILITY,opened_hour_utc,21,1,-1.0,0.0,0.0,-1.0,-1.0,LOW,-1.0,-1.0,-1.0,0.0,42.0,0.0,UNSTABLE
2026-05-29T15:17:24+00:00,GLOBAL,market_regime=HIGH_VOLATILITY,opened_hour_utc,15,1,-1.0,0.0,0.0,-1.0,-1.0,LOW,-1.0,-1.0,-1.0,0.0,42.0,0.0,UNSTABLE
2026-05-29T15:17:24+00:00,GLOBAL,market_regime=HIGH_VOLATILITY,symbol,APEUSDT,1,-1.0,0.0,0.0,-1.0,-1.0,LOW,-1.0,-1.0,-1.0,0.0,42.0,0.0,UNSTABLE
2026-05-29T15:17:24+00:00,GLOBAL,market_regime=HIGH_VOLATILITY,penalty,none,1,-1.0,0.0,0.0,-1.0,-1.0,LOW,-1.0,-1.0,-1.0,0.0,42.0,0.0,UNSTABLE
2026-05-29T15:17:24+00:00,GLOBAL,market_regime=HIGH_VOLATILITY,penalty,distance_to_liquidity_penalty:10,1,-1.0,0.0,0.0,-1.0,-1.0,LOW,-1.0,-1.0,-1.0,0.0,42.0,0.0,UNSTABLE
2026-05-29T15:17:24+00:00,GLOBAL,market_regime=HIGH_VOLATILITY,penalty,secondary_confluence_bonus:+35,1,-1.0,0.0,0.0,-1.0,-1.0,LOW,-1.0,-1.0,-1.0,0.0,42.0,0.0,UNSTABLE
2026-05-29T15:17:24+00:00,GLOBAL,market_regime=HIGH_VOLATILITY,rejection_reason,distance_to_liquidity_penalty,1,-1.0,0.0,0.0,-1.0,-1.0,LOW,-1.0,-1.0,-1.0,0.0,42.0,0.0,UNSTABLE
2026-05-29T15:17:24+00:00,LONDON_ONLY,entry_context=CHOPPY_RANGE,direction,short,1,-1.0,0.0,0.0,-1.0,-1.0,LOW,-1.0,-1.0,-1.0,0.0,42.0,0.0,UNSTABLE
2026-05-29T15:17:24+00:00,LONDON_ONLY,entry_context=CHOPPY_RANGE,trade_location,near_resistance,1,-1.0,0.0,0.0,-1.0,-1.0,LOW,-1.0,-1.0,-1.0,0.0,42.0,0.0,UNSTABLE
2026-05-29T15:17:24+00:00,LONDON_ONLY,entry_context=CHOPPY_RANGE,volume_bucket,volume_high,1,-1.0,0.0,0.0,-1.0,-1.0,LOW,-1.0,-1.0,-1.0,0.0,42.0,0.0,UNSTABLE
2026-05-29T15:17:24+00:00,LONDON_ONLY,entry_context=CHOPPY_RANGE,opened_hour_utc,10,1,-1.0,0.0,0.0,-1.0,-1.0,LOW,-1.0,-1.0,-1.0,0.0,42.0,0.0,UNSTABLE
2026-05-29T15:17:24+00:00,LONDON_ONLY,entry_context=CHOPPY_RANGE,opened_hour_utc,8,1,-1.0,0.0,0.0,-1.0,-1.0,LOW,-1.0,-1.0,-1.0,0.0,42.0,0.0,UNSTABLE
2026-05-29T15:17:24+00:00,LONDON_ONLY,entry_context=CHOPPY_RANGE,symbol,SOLUSDT,1,-1.0,0.0,0.0,-1.0,-1.0,LOW,-1.0,-1.0,-1.0,0.0,42.0,0.0,UNSTABLE
2026-05-29T15:17:24+00:00,LONDON_ONLY,entry_context=CHOPPY_RANGE,symbol,TRXUSDT,1,-1.0,0.0,0.0,-1.0,-1.0,LOW,-1.0,-1.0,-1.0,0.0,42.0,0.0,UNSTABLE
2026-05-29T15:17:24+00:00,LONDON_ONLY,market_regime=HIGH_VOLATILITY,score_bucket,90+,1,-1.0,0.0,0.0,-1.0,-1.0,LOW,-1.0,-1.0,-1.0,0.0,42.0,0.0,UNSTABLE
2026-05-29T15:17:24+00:00,LONDON_ONLY,market_regime=HIGH_VOLATILITY,volume_bucket,volume_low,1,-1.0,0.0,0.0,-1.0,-1.0,LOW,-1.0,-1.0,-1.0,0.0,42.0,0.0,UNSTABLE
2026-05-29T15:17:24+00:00,LONDON_ONLY,market_regime=HIGH_VOLATILITY,opened_hour_utc,10,1,-1.0,0.0,0.0,-1.0,-1.0,LOW,-1.0,-1.0,-1.0,0.0,42.0,0.0,UNSTABLE
2026-05-29T15:17:24+00:00,LONDON_ONLY,market_regime=HIGH_VOLATILITY,penalty,secondary_confluence_bonus:+25,1,-1.0,0.0,0.0,-1.0,-1.0,LOW,-1.0,-1.0,-1.0,0.0,42.0,0.0,UNSTABLE
2026-05-29T15:17:24+00:00,SHORT_ONLY,entry_context=CHOPPY_RANGE,session,LONDON,1,-1.0,0.0,0.0,-1.0,-1.0,LOW,-1.0,-1.0,-1.0,0.0,42.0,0.0,UNSTABLE
2026-05-29T15:17:24+00:00,SHORT_ONLY,entry_context=CHOPPY_RANGE,setup_type,SECONDARY_SIGNAL,1,-1.0,0.0,0.0,-1.0,-1.0,LOW,-1.0,-1.0,-1.0,0.0,42.0,0.0,UNSTABLE
2026-05-29T15:17:24+00:00,SHORT_ONLY,entry_context=CHOPPY_RANGE,trade_location,mid_range,1,-1.0,0.0,0.0,-1.0,-1.0,LOW,-1.0,-1.0,-1.0,0.0,42.0,0.0,UNSTABLE
2026-05-29T15:17:24+00:00,SHORT_ONLY,entry_context=CHOPPY_RANGE,trade_location,near_resistance,1,-1.0,0.0,0.0,-1.0,-1.0,LOW,-1.0,-1.0,-1.0,0.0,42.0,0.0,UNSTABLE
2026-05-29T15:17:24+00:00,SHORT_ONLY,entry_context=CHOPPY_RANGE,score_bucket,60-69,1,-1.0,0.0,0.0,-1.0,-1.0,LOW,-1.0,-1.0,-1.0,0.0,42.0,0.0,UNSTABLE
2026-05-29T15:17:24+00:00,SHORT_ONLY,entry_context=CHOPPY_RANGE,volume_bucket,volume_low,1,-1.0,0.0,0.0,-1.0,-1.0,LOW,-1.0,-1.0,-1.0,0.0,42.0,0.0,UNSTABLE
2026-05-29T15:17:24+00:00,SHORT_ONLY,entry_context=CHOPPY_RANGE,volume_bucket,volume_high,1,-1.0,0.0,0.0,-1.0,-1.0,LOW,-1.0,-1.0,-1.0,0.0,42.0,0.0,UNSTABLE
2026-05-29T15:17:24+00:00,SHORT_ONLY,entry_context=CHOPPY_RANGE,rr_bucket,rr_2_plus,1,-1.0,0.0,0.0,-1.0,-1.0,LOW,-1.0,-1.0,-1.0,0.0,42.0,0.0,UNSTABLE
2026-05-29T15:17:24+00:00,SHORT_ONLY,entry_context=CHOPPY_RANGE,trend_alignment,misaligned,1,-1.0,0.0,0.0,-1.0,-1.0,LOW,-1.0,-1.0,-1.0,0.0,42.0,0.0,UNSTABLE
2026-05-29T15:17:24+00:00,SHORT_ONLY,entry_context=CHOPPY_RANGE,opened_hour_utc,22,1,-1.0,0.0,0.0,-1.0,-1.0,LOW,-1.0,-1.0,-1.0,0.0,42.0,0.0,UNSTABLE
2026-05-29T15:17:24+00:00,SHORT_ONLY,entry_context=CHOPPY_RANGE,opened_hour_utc,8,1,-1.0,0.0,0.0,-1.0,-1.0,LOW,-1.0,-1.0,-1.0,0.0,42.0,0.0,UNSTABLE
2026-05-29T15:17:24+00:00,SHORT_ONLY,entry_context=CHOPPY_RANGE,symbol,UNIUSDT,1,-1.0,0.0,0.0,-1.0,-1.0,LOW,-1.0,-1.0,-1.0,0.0,42.0,0.0,UNSTABLE
2026-05-29T15:17:24+00:00,SHORT_ONLY,entry_context=CHOPPY_RANGE,symbol,ETCUSDT,1,-1.0,0.0,0.0,-1.0,-1.0,LOW,-1.0,-1.0,-1.0,0.0,42.0,0.0,UNSTABLE
2026-05-29T15:17:24+00:00,SHORT_ONLY,entry_context=CHOPPY_RANGE,symbol,ATOMUSDT,1,-1.0,0.0,0.0,-1.0,-1.0,LOW,-1.0,-1.0,-1.0,0.0,42.0,0.0,UNSTABLE
2026-05-29T15:17:24+00:00,SHORT_ONLY,entry_context=CHOPPY_RANGE,symbol,TRXUSDT,1,-1.0,0.0,0.0,-1.0,-1.0,LOW,-1.0,-1.0,-1.0,0.0,42.0,0.0,UNSTABLE
2026-05-29T15:17:24+00:00,SHORT_ONLY,entry_context=CHOPPY_RANGE,penalty,timeframe_alignment_penalty:10,1,-1.0,0.0,0.0,-1.0,-1.0,LOW,-1.0,-1.0,-1.0,0.0,42.0,0.0,UNSTABLE
2026-05-29T15:17:24+00:00,SHORT_ONLY,entry_context=CHOPPY_RANGE,penalty,secondary_confluence_bonus:+30,1,-1.0,0.0,0.0,-1.0,-1.0,LOW,-1.0,-1.0,-1.0,0.0,42.0,0.0,UNSTABLE
2026-05-29T15:17:24+00:00,SHORT_ONLY,entry_context=CHOPPY_RANGE,penalty,distance_to_liquidity_penalty:10,1,-1.0,0.0,0.0,-1.0,-1.0,LOW,-1.0,-1.0,-1.0,0.0,42.0,0.0,UNSTABLE
2026-05-29T15:17:24+00:00,SHORT_ONLY,entry_context=CHOPPY_RANGE,rejection_reason,timeframe_alignment_penalty,1,-1.0,0.0,0.0,-1.0,-1.0,LOW,-1.0,-1.0,-1.0,0.0,42.0,0.0,UNSTABLE
2026-05-29T15:17:24+00:00,SHORT_ONLY,entry_context=CHOPPY_RANGE,rejection_reason,directional_confluence_failed,1,-1.0,0.0,0.0,-1.0,-1.0,LOW,-1.0,-1.0,-1.0,0.0,42.0,0.0,UNSTABLE
2026-05-29T15:17:24+00:00,SHORT_ONLY,entry_context=CHOPPY_RANGE,rejection_reason,distance_to_liquidity_penalty,1,-1.0,0.0,0.0,-1.0,-1.0,LOW,-1.0,-1.0,-1.0,0.0,42.0,0.0,UNSTABLE
2026-05-29T15:17:24+00:00,SHORT_ONLY,market_regime=HIGH_VOLATILITY,volume_bucket,volume_low,1,-1.0,0.0,0.0,-1.0,-1.0,LOW,-1.0,-1.0,-1.0,0.0,42.0,0.0,UNSTABLE
2026-05-29T15:17:24+00:00,SHORT_ONLY,market_regime=HIGH_VOLATILITY,opened_hour_utc,10,1,-1.0,0.0,0.0,-1.0,-1.0,LOW,-1.0,-1.0,-1.0,0.0,42.0,0.0,UNSTABLE
2026-05-29T15:17:24+00:00,LONG_ONLY,entry_context=CHOPPY_RANGE,opened_hour_utc,10,1,-1.0,0.0,0.0,-1.0,-1.0,LOW,-1.0,-1.0,-1.0,0.0,42.0,0.0,UNSTABLE
2026-05-29T15:17:24+00:00,LONG_ONLY,entry_context=CHOPPY_RANGE,symbol,SOLUSDT,1,-1.0,0.0,0.0,-1.0,-1.0,LOW,-1.0,-1.0,-1.0,0.0,42.0,0.0,UNSTABLE
2026-05-29T15:17:24+00:00,LONG_ONLY,entry_context=CHOPPY_RANGE,penalty,distance_to_liquidity_penalty:10,1,-1.0,0.0,0.0,-1.0,-1.0,LOW,-1.0,-1.0,-1.0,0.0,42.0,0.0,UNSTABLE
2026-05-29T15:17:24+00:00,LONG_ONLY,entry_context=CHOPPY_RANGE,rejection_reason,distance_to_liquidity_penalty,1,-1.0,0.0,0.0,-1.0,-1.0,LOW,-1.0,-1.0,-1.0,0.0,42.0,0.0,UNSTABLE
2026-05-29T15:17:24+00:00,LONG_ONLY,market_regime=HIGH_VOLATILITY,session,NEW_YORK,1,-1.0,0.0,0.0,-1.0,-1.0,LOW,-1.0,-1.0,-1.0,0.0,42.0,0.0,UNSTABLE
2026-05-29T15:17:24+00:00,LONG_ONLY,market_regime=HIGH_VOLATILITY,session,OVERLAP,1,-1.0,0.0,0.0,-1.0,-1.0,LOW,-1.0,-1.0,-1.0,0.0,42.0,0.0,UNSTABLE
2026-05-29T15:17:24+00:00,LONG_ONLY,market_regime=HIGH_VOLATILITY,setup_type,SECONDARY_SIGNAL,1,-1.0,0.0,0.0,-1.0,-1.0,LOW,-1.0,-1.0,-1.0,0.0,42.0,0.0,UNSTABLE
2026-05-29T15:17:24+00:00,LONG_ONLY,market_regime=HIGH_VOLATILITY,trade_location,near_support,1,-1.0,0.0,0.0,-1.0,-1.0,LOW,-1.0,-1.0,-1.0,0.0,42.0,0.0,UNSTABLE
2026-05-29T15:17:24+00:00,LONG_ONLY,market_regime=HIGH_VOLATILITY,trade_location,premium_zone,1,-1.0,0.0,0.0,-1.0,-1.0,LOW,-1.0,-1.0,-1.0,0.0,42.0,0.0,UNSTABLE
2026-05-29T15:17:24+00:00,LONG_ONLY,market_regime=HIGH_VOLATILITY,score_bucket,90+,1,-1.0,0.0,0.0,-1.0,-1.0,LOW,-1.0,-1.0,-1.0,0.0,42.0,0.0,UNSTABLE
2026-05-29T15:17:24+00:00,LONG_ONLY,market_regime=HIGH_VOLATILITY,volume_bucket,volume_mid,1,-1.0,0.0,0.0,-1.0,-1.0,LOW,-1.0,-1.0,-1.0,0.0,42.0,0.0,UNSTABLE
2026-05-29T15:17:24+00:00,LONG_ONLY,market_regime=HIGH_VOLATILITY,opened_hour_utc,21,1,-1.0,0.0,0.0,-1.0,-1.0,LOW,-1.0,-1.0,-1.0,0.0,42.0,0.0,UNSTABLE
2026-05-29T15:17:24+00:00,LONG_ONLY,market_regime=HIGH_VOLATILITY,opened_hour_utc,15,1,-1.0,0.0,0.0,-1.0,-1.0,LOW,-1.0,-1.0,-1.0,0.0,42.0,0.0,UNSTABLE
2026-05-29T15:17:24+00:00,LONG_ONLY,market_regime=HIGH_VOLATILITY,symbol,APEUSDT,1,-1.0,0.0,0.0,-1.0,-1.0,LOW,-1.0,-1.0,-1.0,0.0,42.0,0.0,UNSTABLE
2026-05-29T15:17:24+00:00,LONG_ONLY,market_regime=HIGH_VOLATILITY,symbol,ETHUSDT,1,-1.0,0.0,0.0,-1.0,-1.0,LOW,-1.0,-1.0,-1.0,0.0,42.0,0.0,UNSTABLE
2026-05-29T15:17:24+00:00,LONG_ONLY,market_regime=HIGH_VOLATILITY,penalty,none,1,-1.0,0.0,0.0,-1.0,-1.0,LOW,-1.0,-1.0,-1.0,0.0,42.0,0.0,UNSTABLE
2026-05-29T15:17:24+00:00,LONG_ONLY,market_regime=HIGH_VOLATILITY,penalty,distance_to_liquidity_penalty:10,1,-1.0,0.0,0.0,-1.0,-1.0,LOW,-1.0,-1.0,-1.0,0.0,42.0,0.0,UNSTABLE
2026-05-29T15:17:24+00:00,LONG_ONLY,market_regime=HIGH_VOLATILITY,penalty,secondary_confluence_bonus:+35,1,-1.0,0.0,0.0,-1.0,-1.0,LOW,-1.0,-1.0,-1.0,0.0,42.0,0.0,UNSTABLE
2026-05-29T15:17:24+00:00,LONG_ONLY,market_regime=HIGH_VOLATILITY,rejection_reason,directional_confluence_failed,1,-1.0,0.0,0.0,-1.0,-1.0,LOW,-1.0,-1.0,-1.0,0.0,42.0,0.0,UNSTABLE
2026-05-29T15:17:24+00:00,LONG_ONLY,market_regime=HIGH_VOLATILITY,rejection_reason,distance_to_liquidity_penalty,1,-1.0,0.0,0.0,-1.0,-1.0,LOW,-1.0,-1.0,-1.0,0.0,42.0,0.0,UNSTABLE
2026-05-29T15:17:24+00:00,HIGH_VOLATILITY_LONG,market_regime=HIGH_VOLATILITY,session,NEW_YORK,1,-1.0,0.0,0.0,-1.0,-1.0,LOW,-1.0,-1.0,-1.0,0.0,42.0,0.0,UNSTABLE
2026-05-29T15:17:24+00:00,HIGH_VOLATILITY_LONG,market_regime=HIGH_VOLATILITY,session,OVERLAP,1,-1.0,0.0,0.0,-1.0,-1.0,LOW,-1.0,-1.0,-1.0,0.0,42.0,0.0,UNSTABLE
2026-05-29T15:17:24+00:00,HIGH_VOLATILITY_LONG,market_regime=HIGH_VOLATILITY,setup_type,SECONDARY_SIGNAL,1,-1.0,0.0,0.0,-1.0,-1.0,LOW,-1.0,-1.0,-1.0,0.0,42.0,0.0,UNSTABLE
2026-05-29T15:17:24+00:00,HIGH_VOLATILITY_LONG,market_regime=HIGH_VOLATILITY,trade_location,near_support,1,-1.0,0.0,0.0,-1.0,-1.0,LOW,-1.0,-1.0,-1.0,0.0,42.0,0.0,UNSTABLE
2026-05-29T15:17:24+00:00,HIGH_VOLATILITY_LONG,market_regime=HIGH_VOLATILITY,trade_location,premium_zone,1,-1.0,0.0,0.0,-1.0,-1.0,LOW,-1.0,-1.0,-1.0,0.0,42.0,0.0,UNSTABLE
2026-05-29T15:17:24+00:00,HIGH_VOLATILITY_LONG,market_regime=HIGH_VOLATILITY,score_bucket,90+,1,-1.0,0.0,0.0,-1.0,-1.0,LOW,-1.0,-1.0,-1.0,0.0,42.0,0.0,UNSTABLE
2026-05-29T15:17:24+00:00,HIGH_VOLATILITY_LONG,market_regime=HIGH_VOLATILITY,volume_bucket,volume_mid,1,-1.0,0.0,0.0,-1.0,-1.0,LOW,-1.0,-1.0,-1.0,0.0,42.0,0.0,UNSTABLE
2026-05-29T15:17:24+00:00,HIGH_VOLATILITY_LONG,market_regime=HIGH_VOLATILITY,opened_hour_utc,21,1,-1.0,0.0,0.0,-1.0,-1.0,LOW,-1.0,-1.0,-1.0,0.0,42.0,0.0,UNSTABLE
2026-05-29T15:17:24+00:00,HIGH_VOLATILITY_LONG,market_regime=HIGH_VOLATILITY,opened_hour_utc,15,1,-1.0,0.0,0.0,-1.0,-1.0,LOW,-1.0,-1.0,-1.0,0.0,42.0,0.0,UNSTABLE
2026-05-29T15:17:24+00:00,HIGH_VOLATILITY_LONG,market_regime=HIGH_VOLATILITY,symbol,APEUSDT,1,-1.0,0.0,0.0,-1.0,-1.0,LOW,-1.0,-1.0,-1.0,0.0,42.0,0.0,UNSTABLE
2026-05-29T15:17:24+00:00,HIGH_VOLATILITY_LONG,market_regime=HIGH_VOLATILITY,symbol,ETHUSDT,1,-1.0,0.0,0.0,-1.0,-1.0,LOW,-1.0,-1.0,-1.0,0.0,42.0,0.0,UNSTABLE
2026-05-29T15:17:24+00:00,HIGH_VOLATILITY_LONG,market_regime=HIGH_VOLATILITY,penalty,none,1,-1.0,0.0,0.0,-1.0,-1.0,LOW,-1.0,-1.0,-1.0,0.0,42.0,0.0,UNSTABLE
2026-05-29T15:17:24+00:00,HIGH_VOLATILITY_LONG,market_regime=HIGH_VOLATILITY,penalty,distance_to_liquidity_penalty:10,1,-1.0,0.0,0.0,-1.0,-1.0,LOW,-1.0,-1.0,-1.0,0.0,42.0,0.0,UNSTABLE
2026-05-29T15:17:24+00:00,HIGH_VOLATILITY_LONG,market_regime=HIGH_VOLATILITY,penalty,secondary_confluence_bonus:+35,1,-1.0,0.0,0.0,-1.0,-1.0,LOW,-1.0,-1.0,-1.0,0.0,42.0,0.0,UNSTABLE
2026-05-29T15:17:24+00:00,HIGH_VOLATILITY_LONG,market_regime=HIGH_VOLATILITY,rejection_reason,directional_confluence_failed,1,-1.0,0.0,0.0,-1.0,-1.0,LOW,-1.0,-1.0,-1.0,0.0,42.0,0.0,UNSTABLE
2026-05-29T15:17:24+00:00,HIGH_VOLATILITY_LONG,market_regime=HIGH_VOLATILITY,rejection_reason,distance_to_liquidity_penalty,1,-1.0,0.0,0.0,-1.0,-1.0,LOW,-1.0,-1.0,-1.0,0.0,42.0,0.0,UNSTABLE
2026-05-29T15:17:24+00:00,HIGH_VOLATILITY_SHORT,market_regime=HIGH_VOLATILITY,volume_bucket,volume_low,1,-1.0,0.0,0.0,-1.0,-1.0,LOW,-1.0,-1.0,-1.0,0.0,42.0,0.0,UNSTABLE
2026-05-29T15:17:24+00:00,HIGH_VOLATILITY_SHORT,market_regime=HIGH_VOLATILITY,opened_hour_utc,10,1,-1.0,0.0,0.0,-1.0,-1.0,LOW,-1.0,-1.0,-1.0,0.0,42.0,0.0,UNSTABLE
2026-05-29T15:17:24+00:00,CHOPPY_RANGE_SHORT,entry_context=CHOPPY_RANGE,session,LONDON,1,-1.0,0.0,0.0,-1.0,-1.0,LOW,-1.0,-1.0,-1.0,0.0,42.0,0.0,UNSTABLE
2026-05-29T15:17:24+00:00,CHOPPY_RANGE_SHORT,entry_context=CHOPPY_RANGE,setup_type,SECONDARY_SIGNAL,1,-1.0,0.0,0.0,-1.0,-1.0,LOW,-1.0,-1.0,-1.0,0.0,42.0,0.0,UNSTABLE
2026-05-29T15:17:24+00:00,CHOPPY_RANGE_SHORT,entry_context=CHOPPY_RANGE,trade_location,mid_range,1,-1.0,0.0,0.0,-1.0,-1.0,LOW,-1.0,-1.0,-1.0,0.0,42.0,0.0,UNSTABLE
2026-05-29T15:17:24+00:00,CHOPPY_RANGE_SHORT,entry_context=CHOPPY_RANGE,trade_location,near_resistance,1,-1.0,0.0,0.0,-1.0,-1.0,LOW,-1.0,-1.0,-1.0,0.0,42.0,0.0,UNSTABLE
2026-05-29T15:17:24+00:00,CHOPPY_RANGE_SHORT,entry_context=CHOPPY_RANGE,score_bucket,60-69,1,-1.0,0.0,0.0,-1.0,-1.0,LOW,-1.0,-1.0,-1.0,0.0,42.0,0.0,UNSTABLE
2026-05-29T15:17:24+00:00,CHOPPY_RANGE_SHORT,entry_context=CHOPPY_RANGE,volume_bucket,volume_low,1,-1.0,0.0,0.0,-1.0,-1.0,LOW,-1.0,-1.0,-1.0,0.0,42.0,0.0,UNSTABLE
2026-05-29T15:17:24+00:00,CHOPPY_RANGE_SHORT,entry_context=CHOPPY_RANGE,volume_bucket,volume_high,1,-1.0,0.0,0.0,-1.0,-1.0,LOW,-1.0,-1.0,-1.0,0.0,42.0,0.0,UNSTABLE
2026-05-29T15:17:24+00:00,CHOPPY_RANGE_SHORT,entry_context=CHOPPY_RANGE,rr_bucket,rr_2_plus,1,-1.0,0.0,0.0,-1.0,-1.0,LOW,-1.0,-1.0,-1.0,0.0,42.0,0.0,UNSTABLE
2026-05-29T15:17:24+00:00,CHOPPY_RANGE_SHORT,entry_context=CHOPPY_RANGE,trend_alignment,misaligned,1,-1.0,0.0,0.0,-1.0,-1.0,LOW,-1.0,-1.0,-1.0,0.0,42.0,0.0,UNSTABLE
2026-05-29T15:17:24+00:00,CHOPPY_RANGE_SHORT,entry_context=CHOPPY_RANGE,opened_hour_utc,22,1,-1.0,0.0,0.0,-1.0,-1.0,LOW,-1.0,-1.0,-1.0,0.0,42.0,0.0,UNSTABLE
2026-05-29T15:17:24+00:00,CHOPPY_RANGE_SHORT,entry_context=CHOPPY_RANGE,opened_hour_utc,8,1,-1.0,0.0,0.0,-1.0,-1.0,LOW,-1.0,-1.0,-1.0,0.0,42.0,0.0,UNSTABLE
2026-05-29T15:17:24+00:00,CHOPPY_RANGE_SHORT,entry_context=CHOPPY_RANGE,symbol,UNIUSDT,1,-1.0,0.0,0.0,-1.0,-1.0,LOW,-1.0,-1.0,-1.0,0.0,42.0,0.0,UNSTABLE
2026-05-29T15:17:24+00:00,CHOPPY_RANGE_SHORT,entry_context=CHOPPY_RANGE,symbol,ETCUSDT,1,-1.0,0.0,0.0,-1.0,-1.0,LOW,-1.0,-1.0,-1.0,0.0,42.0,0.0,UNSTABLE
2026-05-29T15:17:24+00:00,CHOPPY_RANGE_SHORT,entry_context=CHOPPY_RANGE,symbol,ATOMUSDT,1,-1.0,0.0,0.0,-1.0,-1.0,LOW,-1.0,-1.0,-1.0,0.0,42.0,0.0,UNSTABLE
2026-05-29T15:17:24+00:00,CHOPPY_RANGE_SHORT,entry_context=CHOPPY_RANGE,symbol,TRXUSDT,1,-1.0,0.0,0.0,-1.0,-1.0,LOW,-1.0,-1.0,-1.0,0.0,42.0,0.0,UNSTABLE
2026-05-29T15:17:24+00:00,CHOPPY_RANGE_SHORT,entry_context=CHOPPY_RANGE,penalty,timeframe_alignment_penalty:10,1,-1.0,0.0,0.0,-1.0,-1.0,LOW,-1.0,-1.0,-1.0,0.0,42.0,0.0,UNSTABLE
2026-05-29T15:17:24+00:00,CHOPPY_RANGE_SHORT,entry_context=CHOPPY_RANGE,penalty,secondary_confluence_bonus:+30,1,-1.0,0.0,0.0,-1.0,-1.0,LOW,-1.0,-1.0,-1.0,0.0,42.0,0.0,UNSTABLE
2026-05-29T15:17:24+00:00,CHOPPY_RANGE_SHORT,entry_context=CHOPPY_RANGE,penalty,distance_to_liquidity_penalty:10,1,-1.0,0.0,0.0,-1.0,-1.0,LOW,-1.0,-1.0,-1.0,0.0,42.0,0.0,UNSTABLE
2026-05-29T15:17:24+00:00,CHOPPY_RANGE_SHORT,entry_context=CHOPPY_RANGE,rejection_reason,timeframe_alignment_penalty,1,-1.0,0.0,0.0,-1.0,-1.0,LOW,-1.0,-1.0,-1.0,0.0,42.0,0.0,UNSTABLE
2026-05-29T15:17:24+00:00,CHOPPY_RANGE_SHORT,entry_context=CHOPPY_RANGE,rejection_reason,directional_confluence_failed,1,-1.0,0.0,0.0,-1.0,-1.0,LOW,-1.0,-1.0,-1.0,0.0,42.0,0.0,UNSTABLE
2026-05-29T15:17:24+00:00,CHOPPY_RANGE_SHORT,entry_context=CHOPPY_RANGE,rejection_reason,distance_to_liquidity_penalty,1,-1.0,0.0,0.0,-1.0,-1.0,LOW,-1.0,-1.0,-1.0,0.0,42.0,0.0,UNSTABLE
2026-05-29T15:17:24+00:00,CHOPPY_RANGE_LONG,entry_context=CHOPPY_RANGE,opened_hour_utc,10,1,-1.0,0.0,0.0,-1.0,-1.0,LOW,-1.0,-1.0,-1.0,0.0,42.0,0.0,UNSTABLE
2026-05-29T15:17:24+00:00,CHOPPY_RANGE_LONG,entry_context=CHOPPY_RANGE,symbol,SOLUSDT,1,-1.0,0.0,0.0,-1.0,-1.0,LOW,-1.0,-1.0,-1.0,0.0,42.0,0.0,UNSTABLE
2026-05-29T15:17:24+00:00,CHOPPY_RANGE_LONG,entry_context=CHOPPY_RANGE,penalty,distance_to_liquidity_penalty:10,1,-1.0,0.0,0.0,-1.0,-1.0,LOW,-1.0,-1.0,-1.0,0.0,42.0,0.0,UNSTABLE
2026-05-29T15:17:24+00:00,CHOPPY_RANGE_LONG,entry_context=CHOPPY_RANGE,rejection_reason,distance_to_liquidity_penalty,1,-1.0,0.0,0.0,-1.0,-1.0,LOW,-1.0,-1.0,-1.0,0.0,42.0,0.0,UNSTABLE
2026-05-29T15:17:24+00:00,GLOBAL,market_regime=HIGH_VOLATILITY,symbol,DOGEUSDT,3,-1.8513,0.0,0.0,-0.6171,-1.8513,LOW,-1.8513,-1.8513,-1.8513,0.0,38.5446,0.0,UNSTABLE
2026-05-29T15:17:24+00:00,SHORT_ONLY,market_regime=HIGH_VOLATILITY,symbol,DOGEUSDT,3,-1.8513,0.0,0.0,-0.6171,-1.8513,LOW,-1.8513,-1.8513,-1.8513,0.0,38.5446,0.0,UNSTABLE
2026-05-29T15:17:24+00:00,HIGH_VOLATILITY_SHORT,market_regime=HIGH_VOLATILITY,symbol,DOGEUSDT,3,-1.8513,0.0,0.0,-0.6171,-1.8513,LOW,-1.8513,-1.8513,-1.8513,0.0,38.5446,0.0,UNSTABLE
2026-05-29T15:17:24+00:00,GLOBAL,market_regime=HIGH_VOLATILITY,trade_location,mid_range,2,-1.21,0.0,0.0,-0.605,-1.21,LOW,-1.21,-1.21,-1.21,0.0,37.02,0.0,UNSTABLE
2026-05-29T15:17:24+00:00,LONDON_ONLY,market_regime=HIGH_VOLATILITY,trade_location,mid_range,2,-1.21,0.0,0.0,-0.605,-1.21,LOW,-1.21,-1.21,-1.21,0.0,37.02,0.0,UNSTABLE
2026-05-29T15:17:24+00:00,LONDON_ONLY,market_regime=HIGH_VOLATILITY,symbol,DOGEUSDT,2,-1.21,0.0,0.0,-0.605,-1.21,LOW,-1.21,-1.21,-1.21,0.0,37.02,0.0,UNSTABLE
2026-05-29T15:17:24+00:00,SHORT_ONLY,market_regime=HIGH_VOLATILITY,trade_location,mid_range,2,-1.21,0.0,0.0,-0.605,-1.21,LOW,-1.21,-1.21,-1.21,0.0,37.02,0.0,UNSTABLE
2026-05-29T15:17:24+00:00,HIGH_VOLATILITY_SHORT,market_regime=HIGH_VOLATILITY,trade_location,mid_range,2,-1.21,0.0,0.0,-0.605,-1.21,LOW,-1.21,-1.21,-1.21,0.0,37.02,0.0,UNSTABLE
2026-05-29T15:17:24+00:00,GLOBAL,market_regime=HIGH_VOLATILITY,rejection_reason,secondary_setup_requirements_failed,4,-2.0308,0.0,0.0,-0.5077,-2.0308,LOW,-2.0308,-2.0308,-2.0308,0.0,36.7156,0.0,UNSTABLE
2026-05-29T15:17:24+00:00,SHORT_ONLY,market_regime=HIGH_VOLATILITY,setup_type,SECONDARY_SIGNAL,4,-2.0308,0.0,0.0,-0.5077,-2.0308,LOW,-2.0308,-2.0308,-2.0308,0.0,36.7156,0.0,UNSTABLE
2026-05-29T15:17:24+00:00,SHORT_ONLY,market_regime=HIGH_VOLATILITY,entry_context,BREAKOUT,4,-2.0308,0.0,0.0,-0.5077,-2.0308,LOW,-2.0308,-2.0308,-2.0308,0.0,36.7156,0.0,UNSTABLE
2026-05-29T15:17:24+00:00,SHORT_ONLY,market_regime=HIGH_VOLATILITY,rr_bucket,rr_1_5_to_2,4,-2.0308,0.0,0.0,-0.5077,-2.0308,LOW,-2.0308,-2.0308,-2.0308,0.0,36.7156,0.0,UNSTABLE
2026-05-29T15:17:24+00:00,SHORT_ONLY,market_regime=HIGH_VOLATILITY,rejection_reason,directional_confluence_failed,4,-2.0308,0.0,0.0,-0.5077,-2.0308,LOW,-2.0308,-2.0308,-2.0308,0.0,36.7156,0.0,UNSTABLE
2026-05-29T15:17:24+00:00,SHORT_ONLY,market_regime=HIGH_VOLATILITY,rejection_reason,secondary_setup_requirements_failed,4,-2.0308,0.0,0.0,-0.5077,-2.0308,LOW,-2.0308,-2.0308,-2.0308,0.0,36.7156,0.0,UNSTABLE
2026-05-29T15:17:24+00:00,HIGH_VOLATILITY_SHORT,market_regime=HIGH_VOLATILITY,setup_type,SECONDARY_SIGNAL,4,-2.0308,0.0,0.0,-0.5077,-2.0308,LOW,-2.0308,-2.0308,-2.0308,0.0,36.7156,0.0,UNSTABLE
2026-05-29T15:17:24+00:00,HIGH_VOLATILITY_SHORT,market_regime=HIGH_VOLATILITY,entry_context,BREAKOUT,4,-2.0308,0.0,0.0,-0.5077,-2.0308,LOW,-2.0308,-2.0308,-2.0308,0.0,36.7156,0.0,UNSTABLE
2026-05-29T15:17:24+00:00,HIGH_VOLATILITY_SHORT,market_regime=HIGH_VOLATILITY,rr_bucket,rr_1_5_to_2,4,-2.0308,0.0,0.0,-0.5077,-2.0308,LOW,-2.0308,-2.0308,-2.0308,0.0,36.7156,0.0,UNSTABLE
2026-05-29T15:17:24+00:00,HIGH_VOLATILITY_SHORT,market_regime=HIGH_VOLATILITY,rejection_reason,directional_confluence_failed,4,-2.0308,0.0,0.0,-0.5077,-2.0308,LOW,-2.0308,-2.0308,-2.0308,0.0,36.7156,0.0,UNSTABLE
2026-05-29T15:17:24+00:00,HIGH_VOLATILITY_SHORT,market_regime=HIGH_VOLATILITY,rejection_reason,secondary_setup_requirements_failed,4,-2.0308,0.0,0.0,-0.5077,-2.0308,LOW,-2.0308,-2.0308,-2.0308,0.0,36.7156,0.0,UNSTABLE
2026-05-29T15:17:24+00:00,GLOBAL,market_regime=HIGH_VOLATILITY,symbol,ETHUSDT,2,-1.1795,0.0,0.0,-0.5897,-1.1795,LOW,-1.1795,-1.1795,-1.1795,0.0,36.653,0.0,UNSTABLE
2026-05-29T15:17:24+00:00,GLOBAL,market_regime=HIGH_VOLATILITY,opened_hour_utc,17,1,-0.6413,0.0,0.0,-0.6413,-0.6413,LOW,-0.6413,-0.6413,-0.6413,0.0,36.6086,0.0,UNSTABLE
2026-05-29T15:17:24+00:00,SHORT_ONLY,market_regime=HIGH_VOLATILITY,session,OVERLAP,1,-0.6413,0.0,0.0,-0.6413,-0.6413,LOW,-0.6413,-0.6413,-0.6413,0.0,36.6086,0.0,UNSTABLE
2026-05-29T15:17:24+00:00,SHORT_ONLY,market_regime=HIGH_VOLATILITY,opened_hour_utc,17,1,-0.6413,0.0,0.0,-0.6413,-0.6413,LOW,-0.6413,-0.6413,-0.6413,0.0,36.6086,0.0,UNSTABLE
2026-05-29T15:17:24+00:00,HIGH_VOLATILITY_SHORT,market_regime=HIGH_VOLATILITY,session,OVERLAP,1,-0.6413,0.0,0.0,-0.6413,-0.6413,LOW,-0.6413,-0.6413,-0.6413,0.0,36.6086,0.0,UNSTABLE
2026-05-29T15:17:24+00:00,HIGH_VOLATILITY_SHORT,market_regime=HIGH_VOLATILITY,opened_hour_utc,17,1,-0.6413,0.0,0.0,-0.6413,-0.6413,LOW,-0.6413,-0.6413,-0.6413,0.0,36.6086,0.0,UNSTABLE
2026-05-29T15:17:24+00:00,GLOBAL,market_regime=HIGH_VOLATILITY,rr_bucket,rr_1_5_to_2,5,-1.0308,0.4924,20.0,-0.2062,-1.8208,LOW,-1.0308,-1.0308,-1.0308,0.0,35.0612,0.0,UNSTABLE
2026-05-29T15:17:24+00:00,LONDON_ONLY,market_regime=HIGH_VOLATILITY,setup_type,SECONDARY_SIGNAL,3,-1.3895,0.0,0.0,-0.4632,-1.3895,LOW,-1.3895,-1.3895,-1.3895,0.0,34.543,0.0,UNSTABLE
2026-05-29T15:17:24+00:00,LONDON_ONLY,market_regime=HIGH_VOLATILITY,rejection_reason,directional_confluence_failed,3,-1.3895,0.0,0.0,-0.4632,-1.3895,LOW,-1.3895,-1.3895,-1.3895,0.0,34.543,0.0,UNSTABLE
2026-05-29T15:17:24+00:00,LONDON_ONLY,market_regime=HIGH_VOLATILITY,rejection_reason,secondary_setup_requirements_failed,3,-1.3895,0.0,0.0,-0.4632,-1.3895,LOW,-1.3895,-1.3895,-1.3895,0.0,34.543,0.0,UNSTABLE
2026-05-29T15:17:24+00:00,GLOBAL,entry_context=CHOPPY_RANGE,session,NEW_YORK,4,-2.5896,0.1368,25.0,-0.6474,-3.0,LOW,-2.5896,-2.5896,-2.5896,0.0,32.6672,0.0,UNSTABLE
2026-05-29T15:17:24+00:00,GLOBAL,entry_context=CHOPPY_RANGE,rr_bucket,rr_1_5_to_2,4,-2.5896,0.1368,25.0,-0.6474,-3.0,LOW,-2.5896,-2.5896,-2.5896,0.0,32.6672,0.0,UNSTABLE
2026-05-29T15:17:24+00:00,SHORT_ONLY,market_regime=HIGH_VOLATILITY,trade_location,discount_zone,2,-0.8208,0.0,0.0,-0.4104,-0.8208,LOW,-0.8208,-0.8208,-0.8208,0.0,32.3496,0.0,UNSTABLE
2026-05-29T15:17:24+00:00,HIGH_VOLATILITY_SHORT,market_regime=HIGH_VOLATILITY,trade_location,discount_zone,2,-0.8208,0.0,0.0,-0.4104,-0.8208,LOW,-0.8208,-0.8208,-0.8208,0.0,32.3496,0.0,UNSTABLE
2026-05-29T15:17:24+00:00,GLOBAL,market_regime=HIGH_VOLATILITY,trend_alignment,aligned,7,-1.0798,0.7321,14.29,-0.1543,-2.6413,LOW,-1.0798,-1.0798,-1.0798,0.0,30.0437,0.0,UNSTABLE
2026-05-29T15:17:24+00:00,GLOBAL,market_regime=HIGH_VOLATILITY,score_bucket,80-89,2,-0.3895,0.0,0.0,-0.1947,-0.3895,LOW,-0.3895,-0.3895,-0.3895,0.0,27.173,0.0,UNSTABLE
2026-05-29T15:17:24+00:00,GLOBAL,market_regime=HIGH_VOLATILITY,penalty,secondary_confluence_bonus:+30,2,-0.3895,0.0,0.0,-0.1947,-0.3895,LOW,-0.3895,-0.3895,-0.3895,0.0,27.173,0.0,UNSTABLE
2026-05-29T15:17:24+00:00,LONDON_ONLY,market_regime=HIGH_VOLATILITY,score_bucket,80-89,2,-0.3895,0.0,0.0,-0.1947,-0.3895,LOW,-0.3895,-0.3895,-0.3895,0.0,27.173,0.0,UNSTABLE
2026-05-29T15:17:24+00:00,LONDON_ONLY,market_regime=HIGH_VOLATILITY,penalty,secondary_confluence_bonus:+30,2,-0.3895,0.0,0.0,-0.1947,-0.3895,LOW,-0.3895,-0.3895,-0.3895,0.0,27.173,0.0,UNSTABLE
2026-05-29T15:17:24+00:00,SHORT_ONLY,market_regime=HIGH_VOLATILITY,score_bucket,80-89,2,-0.3895,0.0,0.0,-0.1947,-0.3895,LOW,-0.3895,-0.3895,-0.3895,0.0,27.173,0.0,UNSTABLE
2026-05-29T15:17:24+00:00,SHORT_ONLY,market_regime=HIGH_VOLATILITY,volume_bucket,volume_high,2,-0.3895,0.0,0.0,-0.1947,-0.3895,LOW,-0.3895,-0.3895,-0.3895,0.0,27.173,0.0,UNSTABLE
2026-05-29T15:17:24+00:00,SHORT_ONLY,market_regime=HIGH_VOLATILITY,opened_hour_utc,11,2,-0.3895,0.0,0.0,-0.1947,-0.3895,LOW,-0.3895,-0.3895,-0.3895,0.0,27.173,0.0,UNSTABLE
2026-05-29T15:17:24+00:00,SHORT_ONLY,market_regime=HIGH_VOLATILITY,penalty,secondary_confluence_bonus:+30,2,-0.3895,0.0,0.0,-0.1947,-0.3895,LOW,-0.3895,-0.3895,-0.3895,0.0,27.173,0.0,UNSTABLE
2026-05-29T15:17:24+00:00,HIGH_VOLATILITY_SHORT,market_regime=HIGH_VOLATILITY,score_bucket,80-89,2,-0.3895,0.0,0.0,-0.1947,-0.3895,LOW,-0.3895,-0.3895,-0.3895,0.0,27.173,0.0,UNSTABLE
2026-05-29T15:17:24+00:00,HIGH_VOLATILITY_SHORT,market_regime=HIGH_VOLATILITY,volume_bucket,volume_high,2,-0.3895,0.0,0.0,-0.1947,-0.3895,LOW,-0.3895,-0.3895,-0.3895,0.0,27.173,0.0,UNSTABLE
2026-05-29T15:17:24+00:00,HIGH_VOLATILITY_SHORT,market_regime=HIGH_VOLATILITY,opened_hour_utc,11,2,-0.3895,0.0,0.0,-0.1947,-0.3895,LOW,-0.3895,-0.3895,-0.3895,0.0,27.173,0.0,UNSTABLE
2026-05-29T15:17:24+00:00,HIGH_VOLATILITY_SHORT,market_regime=HIGH_VOLATILITY,penalty,secondary_confluence_bonus:+30,2,-0.3895,0.0,0.0,-0.1947,-0.3895,LOW,-0.3895,-0.3895,-0.3895,0.0,27.173,0.0,UNSTABLE
2026-05-29T15:17:24+00:00,LONDON_ONLY,market_regime=HIGH_VOLATILITY,symbol,ETHUSDT,1,-0.1795,0.0,0.0,-0.1795,-0.1795,LOW,-0.1795,-0.1795,-0.1795,0.0,26.449,0.0,UNSTABLE
2026-05-29T15:17:24+00:00,SHORT_ONLY,market_regime=HIGH_VOLATILITY,symbol,ETHUSDT,1,-0.1795,0.0,0.0,-0.1795,-0.1795,LOW,-0.1795,-0.1795,-0.1795,0.0,26.449,0.0,UNSTABLE
2026-05-29T15:17:24+00:00,HIGH_VOLATILITY_SHORT,market_regime=HIGH_VOLATILITY,symbol,ETHUSDT,1,-0.1795,0.0,0.0,-0.1795,-0.1795,LOW,-0.1795,-0.1795,-0.1795,0.0,26.449,0.0,UNSTABLE
2026-05-29T15:17:24+00:00,GLOBAL,entry_context=CHOPPY_RANGE,rejection_reason,body_ratio_below_threshold,4,-2.0,0.3333,25.0,-0.5,-3.0,LOW,-2.0,-2.0,-2.0,0.0,26.0838,0.0,UNSTABLE
2026-05-29T15:17:24+00:00,GLOBAL,SEGMENT,segment,GLOBAL,40,-3.5754,0.8439,32.5,-0.0894,-8.9684,HIGH,3.4719,-2.3468,-3.9942,-0.4366,25.5301,6.549,UNSTABLE
2026-05-29T15:17:24+00:00,GLOBAL,entry_context=CHOPPY_RANGE,trade_location,premium_zone,3,-1.5896,0.2052,33.33,-0.5299,-2.0,LOW,-1.5896,-1.5896,-1.5896,0.0,25.3797,0.0,UNSTABLE
2026-05-29T15:17:24+00:00,GLOBAL,entry_context=CHOPPY_RANGE,rejection_reason,directional_confluence_failed,3,-1.5896,0.2052,33.33,-0.5299,-1.5896,LOW,-1.5896,-1.5896,-1.5896,0.0,25.3797,0.0,UNSTABLE
2026-05-29T15:17:24+00:00,GLOBAL,entry_context=CHOPPY_RANGE,session,LONDON,3,-1.0,0.5,33.33,-0.3333,-1.0,LOW,-1.0,-1.0,-1.0,0.0,16.5835,0.0,UNSTABLE
2026-05-29T15:17:24+00:00,GLOBAL,entry_context=CHOPPY_RANGE,rr_bucket,rr_2_plus,3,-1.0,0.5,33.33,-0.3333,-1.0,LOW,-1.0,-1.0,-1.0,0.0,16.5835,0.0,UNSTABLE
2026-05-29T15:17:24+00:00,GLOBAL,market_regime=HIGH_VOLATILITY,direction,long,3,-1.0,0.5,33.33,-0.3333,-1.0,LOW,-1.0,-1.0,-1.0,0.0,16.5835,0.0,UNSTABLE
2026-05-29T15:17:24+00:00,LONDON_ONLY,entry_context=CHOPPY_RANGE,target_context,entry_context=CHOPPY_RANGE,3,-1.0,0.5,33.33,-0.3333,-1.0,LOW,-1.0,-1.0,-1.0,0.0,16.5835,0.0,UNSTABLE
2026-05-29T15:17:24+00:00,LONDON_ONLY,entry_context=CHOPPY_RANGE,session,LONDON,3,-1.0,0.5,33.33,-0.3333,-1.0,LOW,-1.0,-1.0,-1.0,0.0,16.5835,0.0,UNSTABLE
2026-05-29T15:17:24+00:00,LONDON_ONLY,entry_context=CHOPPY_RANGE,setup_type,MAIN_SIGNAL,3,-1.0,0.5,33.33,-0.3333,-1.0,LOW,-1.0,-1.0,-1.0,0.0,16.5835,0.0,UNSTABLE
2026-05-29T15:17:24+00:00,LONDON_ONLY,entry_context=CHOPPY_RANGE,entry_context,CHOPPY_RANGE,3,-1.0,0.5,33.33,-0.3333,-1.0,LOW,-1.0,-1.0,-1.0,0.0,16.5835,0.0,UNSTABLE
2026-05-29T15:17:24+00:00,LONDON_ONLY,entry_context=CHOPPY_RANGE,market_regime,RANGING,3,-1.0,0.5,33.33,-0.3333,-1.0,LOW,-1.0,-1.0,-1.0,0.0,16.5835,0.0,UNSTABLE
2026-05-29T15:17:24+00:00,LONDON_ONLY,entry_context=CHOPPY_RANGE,score_bucket,<60,3,-1.0,0.5,33.33,-0.3333,-1.0,LOW,-1.0,-1.0,-1.0,0.0,16.5835,0.0,UNSTABLE
2026-05-29T15:17:24+00:00,LONDON_ONLY,entry_context=CHOPPY_RANGE,body_ratio_bucket,UNKNOWN,3,-1.0,0.5,33.33,-0.3333,-1.0,LOW,-1.0,-1.0,-1.0,0.0,16.5835,0.0,UNSTABLE
2026-05-29T15:17:24+00:00,LONDON_ONLY,entry_context=CHOPPY_RANGE,rr_bucket,rr_2_plus,3,-1.0,0.5,33.33,-0.3333,-1.0,LOW,-1.0,-1.0,-1.0,0.0,16.5835,0.0,UNSTABLE
2026-05-29T15:17:24+00:00,LONDON_ONLY,entry_context=CHOPPY_RANGE,trend_alignment,aligned,3,-1.0,0.5,33.33,-0.3333,-1.0,LOW,-1.0,-1.0,-1.0,0.0,16.5835,0.0,UNSTABLE
2026-05-29T15:17:24+00:00,LONDON_ONLY,entry_context=CHOPPY_RANGE,penalty,market_structure_range_penalty:10,3,-1.0,0.5,33.33,-0.3333,-1.0,LOW,-1.0,-1.0,-1.0,0.0,16.5835,0.0,UNSTABLE
2026-05-29T15:17:24+00:00,LONDON_ONLY,entry_context=CHOPPY_RANGE,rejection_reason,market_structure_range_penalty,3,-1.0,0.5,33.33,-0.3333,-1.0,LOW,-1.0,-1.0,-1.0,0.0,16.5835,0.0,UNSTABLE
2026-05-29T15:17:24+00:00,LONG_ONLY,market_regime=HIGH_VOLATILITY,target_context,market_regime=HIGH_VOLATILITY,3,-1.0,0.5,33.33,-0.3333,-1.0,LOW,-1.0,-1.0,-1.0,0.0,16.5835,0.0,UNSTABLE
2026-05-29T15:17:24+00:00,LONG_ONLY,market_regime=HIGH_VOLATILITY,direction,long,3,-1.0,0.5,33.33,-0.3333,-1.0,LOW,-1.0,-1.0,-1.0,0.0,16.5835,0.0,UNSTABLE
2026-05-29T15:17:24+00:00,LONG_ONLY,market_regime=HIGH_VOLATILITY,entry_context,BREAKOUT,3,-1.0,0.5,33.33,-0.3333,-1.0,LOW,-1.0,-1.0,-1.0,0.0,16.5835,0.0,UNSTABLE
2026-05-29T15:17:24+00:00,LONG_ONLY,market_regime=HIGH_VOLATILITY,market_regime,HIGH_VOLATILITY,3,-1.0,0.5,33.33,-0.3333,-1.0,LOW,-1.0,-1.0,-1.0,0.0,16.5835,0.0,UNSTABLE
2026-05-29T15:17:24+00:00,LONG_ONLY,market_regime=HIGH_VOLATILITY,body_ratio_bucket,UNKNOWN,3,-1.0,0.5,33.33,-0.3333,-1.0,LOW,-1.0,-1.0,-1.0,0.0,16.5835,0.0,UNSTABLE
2026-05-29T15:17:24+00:00,HIGH_VOLATILITY_LONG,SEGMENT,segment,HIGH_VOLATILITY_LONG,3,-1.0,0.5,33.33,-0.3333,-1.0,LOW,-1.0,-1.0,-1.0,0.0,16.5835,0.0,UNSTABLE
2026-05-29T15:17:24+00:00,HIGH_VOLATILITY_LONG,market_regime=HIGH_VOLATILITY,target_context,market_regime=HIGH_VOLATILITY,3,-1.0,0.5,33.33,-0.3333,-1.0,LOW,-1.0,-1.0,-1.0,0.0,16.5835,0.0,UNSTABLE
2026-05-29T15:17:24+00:00,HIGH_VOLATILITY_LONG,market_regime=HIGH_VOLATILITY,direction,long,3,-1.0,0.5,33.33,-0.3333,-1.0,LOW,-1.0,-1.0,-1.0,0.0,16.5835,0.0,UNSTABLE
2026-05-29T15:17:24+00:00,HIGH_VOLATILITY_LONG,market_regime=HIGH_VOLATILITY,entry_context,BREAKOUT,3,-1.0,0.5,33.33,-0.3333,-1.0,LOW,-1.0,-1.0,-1.0,0.0,16.5835,0.0,UNSTABLE
2026-05-29T15:17:24+00:00,HIGH_VOLATILITY_LONG,market_regime=HIGH_VOLATILITY,market_regime,HIGH_VOLATILITY,3,-1.0,0.5,33.33,-0.3333,-1.0,LOW,-1.0,-1.0,-1.0,0.0,16.5835,0.0,UNSTABLE
2026-05-29T15:17:24+00:00,HIGH_VOLATILITY_LONG,market_regime=HIGH_VOLATILITY,body_ratio_bucket,UNKNOWN,3,-1.0,0.5,33.33,-0.3333,-1.0,LOW,-1.0,-1.0,-1.0,0.0,16.5835,0.0,UNSTABLE
2026-05-29T15:17:24+00:00,GLOBAL,entry_context=CHOPPY_RANGE,setup_type,SECONDARY_SIGNAL,2,-0.5896,0.4104,50.0,-0.2948,-1.0,LOW,-0.5896,-0.5896,-0.5896,0.0,14.4452,0.0,UNSTABLE
2026-05-29T15:17:24+00:00,GLOBAL,entry_context=CHOPPY_RANGE,penalty,secondary_confluence_bonus:+30,2,-0.5896,0.4104,50.0,-0.2948,-1.0,LOW,-0.5896,-0.5896,-0.5896,0.0,14.4452,0.0,UNSTABLE
2026-05-29T15:17:24+00:00,LONG_ONLY,entry_context=CHOPPY_RANGE,rejection_reason,directional_confluence_failed,2,-0.5896,0.4104,50.0,-0.2948,-1.0,LOW,-0.5896,-0.5896,-0.5896,0.0,14.4452,0.0,UNSTABLE
2026-05-29T15:17:24+00:00,CHOPPY_RANGE_LONG,entry_context=CHOPPY_RANGE,rejection_reason,directional_confluence_failed,2,-0.5896,0.4104,50.0,-0.2948,-1.0,LOW,-0.5896,-0.5896,-0.5896,0.0,14.4452,0.0,UNSTABLE
2026-05-29T15:17:24+00:00,GLOBAL,market_regime=HIGH_VOLATILITY,direction,short,5,0.9202,1.4531,20.0,0.184,-1.6413,LOW,0.9202,0.9202,0.9202,0.0,10.0,20.1028,UNSTABLE
2026-05-29T15:17:24+00:00,SHORT_ONLY,market_regime=HIGH_VOLATILITY,target_context,market_regime=HIGH_VOLATILITY,5,0.9202,1.4531,20.0,0.184,-1.6413,LOW,0.9202,0.9202,0.9202,0.0,10.0,20.1028,UNSTABLE
2026-05-29T15:17:24+00:00,SHORT_ONLY,market_regime=HIGH_VOLATILITY,direction,short,5,0.9202,1.4531,20.0,0.184,-1.6413,LOW,0.9202,0.9202,0.9202,0.0,10.0,20.1028,UNSTABLE
2026-05-29T15:17:24+00:00,SHORT_ONLY,market_regime=HIGH_VOLATILITY,market_regime,HIGH_VOLATILITY,5,0.9202,1.4531,20.0,0.184,-1.6413,LOW,0.9202,0.9202,0.9202,0.0,10.0,20.1028,UNSTABLE
2026-05-29T15:17:24+00:00,SHORT_ONLY,market_regime=HIGH_VOLATILITY,body_ratio_bucket,UNKNOWN,5,0.9202,1.4531,20.0,0.184,-1.6413,LOW,0.9202,0.9202,0.9202,0.0,10.0,20.1028,UNSTABLE
2026-05-29T15:17:24+00:00,SHORT_ONLY,market_regime=HIGH_VOLATILITY,trend_alignment,aligned,5,0.9202,1.4531,20.0,0.184,-1.6413,LOW,0.9202,0.9202,0.9202,0.0,10.0,20.1028,UNSTABLE
2026-05-29T15:17:24+00:00,HIGH_VOLATILITY_SHORT,SEGMENT,segment,HIGH_VOLATILITY_SHORT,5,0.9202,1.4531,20.0,0.184,-1.6413,LOW,0.9202,0.9202,0.9202,0.0,10.0,20.1028,UNSTABLE
2026-05-29T15:17:24+00:00,HIGH_VOLATILITY_SHORT,market_regime=HIGH_VOLATILITY,target_context,market_regime=HIGH_VOLATILITY,5,0.9202,1.4531,20.0,0.184,-1.6413,LOW,0.9202,0.9202,0.9202,0.0,10.0,20.1028,UNSTABLE
2026-05-29T15:17:24+00:00,HIGH_VOLATILITY_SHORT,market_regime=HIGH_VOLATILITY,direction,short,5,0.9202,1.4531,20.0,0.184,-1.6413,LOW,0.9202,0.9202,0.9202,0.0,10.0,20.1028,UNSTABLE
2026-05-29T15:17:24+00:00,HIGH_VOLATILITY_SHORT,market_regime=HIGH_VOLATILITY,market_regime,HIGH_VOLATILITY,5,0.9202,1.4531,20.0,0.184,-1.6413,LOW,0.9202,0.9202,0.9202,0.0,10.0,20.1028,UNSTABLE
2026-05-29T15:17:24+00:00,HIGH_VOLATILITY_SHORT,market_regime=HIGH_VOLATILITY,body_ratio_bucket,UNKNOWN,5,0.9202,1.4531,20.0,0.184,-1.6413,LOW,0.9202,0.9202,0.9202,0.0,10.0,20.1028,UNSTABLE
2026-05-29T15:17:24+00:00,HIGH_VOLATILITY_SHORT,market_regime=HIGH_VOLATILITY,trend_alignment,aligned,5,0.9202,1.4531,20.0,0.184,-1.6413,LOW,0.9202,0.9202,0.9202,0.0,10.0,20.1028,UNSTABLE
2026-05-29T15:17:24+00:00,GLOBAL,market_regime=HIGH_VOLATILITY,volume_bucket,volume_high,4,-0.3895,0.7197,25.0,-0.0974,-1.21,LOW,-0.3895,-0.3895,-0.3895,0.0,9.9808,0.0,UNSTABLE
2026-05-29T15:17:24+00:00,LONDON_ONLY,market_regime=HIGH_VOLATILITY,entry_context,BREAKOUT,4,-0.3895,0.7197,25.0,-0.0974,-1.1795,LOW,-0.3895,-0.3895,-0.3895,0.0,9.9808,0.0,UNSTABLE
2026-05-29T15:17:24+00:00,LONDON_ONLY,market_regime=HIGH_VOLATILITY,rr_bucket,rr_1_5_to_2,4,-0.3895,0.7197,25.0,-0.0974,-1.1795,LOW,-0.3895,-0.3895,-0.3895,0.0,9.9808,0.0,UNSTABLE
2026-05-29T15:17:24+00:00,GLOBAL,market_regime=HIGH_VOLATILITY,target_context,market_regime=HIGH_VOLATILITY,8,-0.0798,0.9802,25.0,-0.01,-2.6413,LOW,-0.0798,-0.0798,-0.0798,0.0,8.7142,0.0,UNSTABLE
2026-05-29T15:17:24+00:00,GLOBAL,market_regime=HIGH_VOLATILITY,market_regime,HIGH_VOLATILITY,8,-0.0798,0.9802,25.0,-0.01,-2.6413,LOW,-0.0798,-0.0798,-0.0798,0.0,8.7142,0.0,UNSTABLE
2026-05-29T15:17:24+00:00,GLOBAL,market_regime=HIGH_VOLATILITY,body_ratio_bucket,UNKNOWN,8,-0.0798,0.9802,25.0,-0.01,-2.6413,LOW,-0.0798,-0.0798,-0.0798,0.0,8.7142,0.0,UNSTABLE
2026-05-29T15:17:24+00:00,GLOBAL,entry_context=CHOPPY_RANGE,volume_bucket,volume_low,4,-0.5896,0.7052,50.0,-0.1474,-1.0,LOW,-0.5896,-0.5896,-0.5896,0.0,7.8122,0.0,UNSTABLE
2026-05-29T15:17:24+00:00,LONDON_ONLY,market_regime=HIGH_VOLATILITY,direction,short,4,1.5615,2.1238,25.0,0.3904,-1.0,LOW,1.5615,1.5615,1.5615,0.0,3.75,22.169,UNSTABLE
2026-05-29T15:17:24+00:00,LONDON_ONLY,market_regime=HIGH_VOLATILITY,trend_alignment,aligned,4,1.5615,2.1238,25.0,0.3904,-1.0,LOW,1.5615,1.5615,1.5615,0.0,3.75,22.169,UNSTABLE
2026-05-29T15:17:24+00:00,SHORT_ONLY,market_regime=HIGH_VOLATILITY,session,LONDON,4,1.5615,2.1238,25.0,0.3904,-1.0,LOW,1.5615,1.5615,1.5615,0.0,3.75,22.169,UNSTABLE
2026-05-29T15:17:24+00:00,HIGH_VOLATILITY_SHORT,market_regime=HIGH_VOLATILITY,session,LONDON,4,1.5615,2.1238,25.0,0.3904,-1.0,LOW,1.5615,1.5615,1.5615,0.0,3.75,22.169,UNSTABLE
2026-05-29T15:17:24+00:00,GLOBAL,market_regime=HIGH_VOLATILITY,trade_location,discount_zone,3,0.1792,1.2183,33.33,0.0597,-0.8208,LOW,0.1792,0.1792,0.1792,0.0,1.6675,3.7354,UNSTABLE
2026-05-29T15:17:24+00:00,GLOBAL,market_regime=HIGH_VOLATILITY,rr_bucket,rr_2_plus,3,0.951,1.4755,33.33,0.317,-1.0,LOW,0.951,0.951,0.951,0.0,1.6675,12.997,UNSTABLE
2026-05-29T15:17:24+00:00,GLOBAL,market_regime=HIGH_VOLATILITY,opened_hour_utc,11,3,0.6105,2.5674,33.33,0.2035,-0.21,LOW,0.6105,0.6105,0.6105,0.0,1.6675,17.791,UNSTABLE
2026-05-29T15:17:24+00:00,LONDON_ONLY,market_regime=HIGH_VOLATILITY,volume_bucket,volume_high,3,0.6105,2.5674,33.33,0.2035,-0.21,LOW,0.6105,0.6105,0.6105,0.0,1.6675,17.791,UNSTABLE
2026-05-29T15:17:24+00:00,LONDON_ONLY,market_regime=HIGH_VOLATILITY,opened_hour_utc,11,3,0.6105,2.5674,33.33,0.2035,-0.21,LOW,0.6105,0.6105,0.6105,0.0,1.6675,17.791,UNSTABLE
2026-05-29T15:17:24+00:00,GLOBAL,market_regime=HIGH_VOLATILITY,volume_bucket,volume_mid,3,1.3097,1.798,33.33,0.4366,-1.6413,LOW,1.3097,1.3097,1.3097,0.0,1.6675,19.3314,UNSTABLE
2026-05-29T15:17:24+00:00,SHORT_ONLY,market_regime=HIGH_VOLATILITY,penalty,market_structure_range_penalty:10,3,2.5615,7.5764,33.33,0.8538,-0.3895,LOW,2.5615,2.5615,2.5615,0.0,1.6675,34.699,UNSTABLE
2026-05-29T15:17:24+00:00,SHORT_ONLY,market_regime=HIGH_VOLATILITY,rejection_reason,market_structure_range_penalty,3,2.5615,7.5764,33.33,0.8538,-0.3895,LOW,2.5615,2.5615,2.5615,0.0,1.6675,34.699,UNSTABLE
2026-05-29T15:17:24+00:00,HIGH_VOLATILITY_SHORT,market_regime=HIGH_VOLATILITY,penalty,market_structure_range_penalty:10,3,2.5615,7.5764,33.33,0.8538,-0.3895,LOW,2.5615,2.5615,2.5615,0.0,1.6675,34.699,UNSTABLE
2026-05-29T15:17:24+00:00,HIGH_VOLATILITY_SHORT,market_regime=HIGH_VOLATILITY,rejection_reason,market_structure_range_penalty,3,2.5615,7.5764,33.33,0.8538,-0.3895,LOW,2.5615,2.5615,2.5615,0.0,1.6675,34.699,UNSTABLE
2026-05-29T15:17:24+00:00,GLOBAL,entry_context=CHOPPY_RANGE,trade_location,near_support,2,0.0,1.0,50.0,0.0,-1.0,LOW,0.0,0.0,0.0,0.0,0.0,0.0,UNSTABLE
2026-05-29T15:17:24+00:00,GLOBAL,market_regime=HIGH_VOLATILITY,score_bucket,60-69,2,0.0,1.0,50.0,0.0,-1.0,LOW,0.0,0.0,0.0,0.0,0.0,0.0,UNSTABLE
2026-05-29T15:17:24+00:00,LONDON_ONLY,entry_context=CHOPPY_RANGE,direction,long,2,0.0,1.0,50.0,0.0,-1.0,LOW,0.0,0.0,0.0,0.0,0.0,0.0,UNSTABLE
2026-05-29T15:17:24+00:00,LONDON_ONLY,entry_context=CHOPPY_RANGE,trade_location,near_support,2,0.0,1.0,50.0,0.0,-1.0,LOW,0.0,0.0,0.0,0.0,0.0,0.0,UNSTABLE
2026-05-29T15:17:24+00:00,LONDON_ONLY,entry_context=CHOPPY_RANGE,volume_bucket,volume_low,2,0.0,1.0,50.0,0.0,-1.0,LOW,0.0,0.0,0.0,0.0,0.0,0.0,UNSTABLE
2026-05-29T15:17:24+00:00,LONG_ONLY,entry_context=CHOPPY_RANGE,session,LONDON,2,0.0,1.0,50.0,0.0,-1.0,LOW,0.0,0.0,0.0,0.0,0.0,0.0,UNSTABLE
2026-05-29T15:17:24+00:00,LONG_ONLY,entry_context=CHOPPY_RANGE,setup_type,MAIN_SIGNAL,2,0.0,1.0,50.0,0.0,-1.0,LOW,0.0,0.0,0.0,0.0,0.0,0.0,UNSTABLE
2026-05-29T15:17:24+00:00,LONG_ONLY,entry_context=CHOPPY_RANGE,trade_location,near_support,2,0.0,1.0,50.0,0.0,-1.0,LOW,0.0,0.0,0.0,0.0,0.0,0.0,UNSTABLE
2026-05-29T15:17:24+00:00,LONG_ONLY,entry_context=CHOPPY_RANGE,score_bucket,<60,2,0.0,1.0,50.0,0.0,-1.0,LOW,0.0,0.0,0.0,0.0,0.0,0.0,UNSTABLE
2026-05-29T15:17:24+00:00,LONG_ONLY,entry_context=CHOPPY_RANGE,rr_bucket,rr_2_plus,2,0.0,1.0,50.0,0.0,-1.0,LOW,0.0,0.0,0.0,0.0,0.0,0.0,UNSTABLE
2026-05-29T15:17:24+00:00,LONG_ONLY,market_regime=HIGH_VOLATILITY,setup_type,MAIN_SIGNAL,2,0.0,1.0,50.0,0.0,-1.0,LOW,0.0,0.0,0.0,0.0,0.0,0.0,UNSTABLE
2026-05-29T15:17:24+00:00,LONG_ONLY,market_regime=HIGH_VOLATILITY,score_bucket,60-69,2,0.0,1.0,50.0,0.0,-1.0,LOW,0.0,0.0,0.0,0.0,0.0,0.0,UNSTABLE
2026-05-29T15:17:24+00:00,LONG_ONLY,market_regime=HIGH_VOLATILITY,volume_bucket,volume_high,2,0.0,1.0,50.0,0.0,-1.0,LOW,0.0,0.0,0.0,0.0,0.0,0.0,UNSTABLE
2026-05-29T15:17:24+00:00,LONG_ONLY,market_regime=HIGH_VOLATILITY,penalty,market_structure_range_penalty:10,2,0.0,1.0,50.0,0.0,-1.0,LOW,0.0,0.0,0.0,0.0,0.0,0.0,UNSTABLE
2026-05-29T15:17:24+00:00,LONG_ONLY,market_regime=HIGH_VOLATILITY,rejection_reason,market_structure_range_penalty,2,0.0,1.0,50.0,0.0,-1.0,LOW,0.0,0.0,0.0,0.0,0.0,0.0,UNSTABLE
2026-05-29T15:17:24+00:00,HIGH_VOLATILITY_LONG,market_regime=HIGH_VOLATILITY,setup_type,MAIN_SIGNAL,2,0.0,1.0,50.0,0.0,-1.0,LOW,0.0,0.0,0.0,0.0,0.0,0.0,UNSTABLE
2026-05-29T15:17:24+00:00,HIGH_VOLATILITY_LONG,market_regime=HIGH_VOLATILITY,score_bucket,60-69,2,0.0,1.0,50.0,0.0,-1.0,LOW,0.0,0.0,0.0,0.0,0.0,0.0,UNSTABLE
2026-05-29T15:17:24+00:00,HIGH_VOLATILITY_LONG,market_regime=HIGH_VOLATILITY,volume_bucket,volume_high,2,0.0,1.0,50.0,0.0,-1.0,LOW,0.0,0.0,0.0,0.0,0.0,0.0,UNSTABLE
2026-05-29T15:17:24+00:00,HIGH_VOLATILITY_LONG,market_regime=HIGH_VOLATILITY,penalty,market_structure_range_penalty:10,2,0.0,1.0,50.0,0.0,-1.0,LOW,0.0,0.0,0.0,0.0,0.0,0.0,UNSTABLE
2026-05-29T15:17:24+00:00,HIGH_VOLATILITY_LONG,market_regime=HIGH_VOLATILITY,rejection_reason,market_structure_range_penalty,2,0.0,1.0,50.0,0.0,-1.0,LOW,0.0,0.0,0.0,0.0,0.0,0.0,UNSTABLE
2026-05-29T15:17:24+00:00,CHOPPY_RANGE_LONG,entry_context=CHOPPY_RANGE,session,LONDON,2,0.0,1.0,50.0,0.0,-1.0,LOW,0.0,0.0,0.0,0.0,0.0,0.0,UNSTABLE
2026-05-29T15:17:24+00:00,CHOPPY_RANGE_LONG,entry_context=CHOPPY_RANGE,setup_type,MAIN_SIGNAL,2,0.0,1.0,50.0,0.0,-1.0,LOW,0.0,0.0,0.0,0.0,0.0,0.0,UNSTABLE
2026-05-29T15:17:24+00:00,CHOPPY_RANGE_LONG,entry_context=CHOPPY_RANGE,trade_location,near_support,2,0.0,1.0,50.0,0.0,-1.0,LOW,0.0,0.0,0.0,0.0,0.0,0.0,UNSTABLE
2026-05-29T15:17:24+00:00,CHOPPY_RANGE_LONG,entry_context=CHOPPY_RANGE,score_bucket,<60,2,0.0,1.0,50.0,0.0,-1.0,LOW,0.0,0.0,0.0,0.0,0.0,0.0,UNSTABLE
2026-05-29T15:17:24+00:00,CHOPPY_RANGE_LONG,entry_context=CHOPPY_RANGE,rr_bucket,rr_2_plus,2,0.0,1.0,50.0,0.0,-1.0,LOW,0.0,0.0,0.0,0.0,0.0,0.0,UNSTABLE
2026-05-29T15:17:24+00:00,GLOBAL,entry_context=CHOPPY_RANGE,direction,long,3,0.4104,1.4104,66.67,0.1368,-1.0,LOW,0.4104,0.4104,0.4104,0.0,0.0,11.8283,UNSTABLE
2026-05-29T15:17:24+00:00,LONG_ONLY,entry_context=CHOPPY_RANGE,target_context,entry_context=CHOPPY_RANGE,3,0.4104,1.4104,66.67,0.1368,-1.0,LOW,0.4104,0.4104,0.4104,0.0,0.0,11.8283,UNSTABLE
2026-05-29T15:17:24+00:00,LONG_ONLY,entry_context=CHOPPY_RANGE,direction,long,3,0.4104,1.4104,66.67,0.1368,-1.0,LOW,0.4104,0.4104,0.4104,0.0,0.0,11.8283,UNSTABLE
2026-05-29T15:17:24+00:00,LONG_ONLY,entry_context=CHOPPY_RANGE,entry_context,CHOPPY_RANGE,3,0.4104,1.4104,66.67,0.1368,-1.0,LOW,0.4104,0.4104,0.4104,0.0,0.0,11.8283,UNSTABLE
2026-05-29T15:17:24+00:00,LONG_ONLY,entry_context=CHOPPY_RANGE,market_regime,RANGING,3,0.4104,1.4104,66.67,0.1368,-1.0,LOW,0.4104,0.4104,0.4104,0.0,0.0,11.8283,UNSTABLE
2026-05-29T15:17:24+00:00,LONG_ONLY,entry_context=CHOPPY_RANGE,volume_bucket,volume_low,3,0.4104,1.4104,66.67,0.1368,-1.0,LOW,0.4104,0.4104,0.4104,0.0,0.0,11.8283,UNSTABLE
2026-05-29T15:17:24+00:00,LONG_ONLY,entry_context=CHOPPY_RANGE,body_ratio_bucket,UNKNOWN,3,0.4104,1.4104,66.67,0.1368,-1.0,LOW,0.4104,0.4104,0.4104,0.0,0.0,11.8283,UNSTABLE
2026-05-29T15:17:24+00:00,LONG_ONLY,entry_context=CHOPPY_RANGE,trend_alignment,aligned,3,0.4104,1.4104,66.67,0.1368,-1.0,LOW,0.4104,0.4104,0.4104,0.0,0.0,11.8283,UNSTABLE
2026-05-29T15:17:24+00:00,LONG_ONLY,entry_context=CHOPPY_RANGE,penalty,market_structure_range_penalty:10,3,0.4104,1.4104,66.67,0.1368,-1.0,LOW,0.4104,0.4104,0.4104,0.0,0.0,11.8283,UNSTABLE
2026-05-29T15:17:24+00:00,LONG_ONLY,entry_context=CHOPPY_RANGE,rejection_reason,market_structure_range_penalty,3,0.4104,1.4104,66.67,0.1368,-1.0,LOW,0.4104,0.4104,0.4104,0.0,0.0,11.8283,UNSTABLE
2026-05-29T15:17:24+00:00,CHOPPY_RANGE_LONG,SEGMENT,segment,CHOPPY_RANGE_LONG,3,0.4104,1.4104,66.67,0.1368,-1.0,LOW,0.4104,0.4104,0.4104,0.0,0.0,11.8283,UNSTABLE
2026-05-29T15:17:24+00:00,CHOPPY_RANGE_LONG,entry_context=CHOPPY_RANGE,target_context,entry_context=CHOPPY_RANGE,3,0.4104,1.4104,66.67,0.1368,-1.0,LOW,0.4104,0.4104,0.4104,0.0,0.0,11.8283,UNSTABLE
2026-05-29T15:17:24+00:00,CHOPPY_RANGE_LONG,entry_context=CHOPPY_RANGE,direction,long,3,0.4104,1.4104,66.67,0.1368,-1.0,LOW,0.4104,0.4104,0.4104,0.0,0.0,11.8283,UNSTABLE
2026-05-29T15:17:24+00:00,CHOPPY_RANGE_LONG,entry_context=CHOPPY_RANGE,entry_context,CHOPPY_RANGE,3,0.4104,1.4104,66.67,0.1368,-1.0,LOW,0.4104,0.4104,0.4104,0.0,0.0,11.8283,UNSTABLE
2026-05-29T15:17:24+00:00,CHOPPY_RANGE_LONG,entry_context=CHOPPY_RANGE,market_regime,RANGING,3,0.4104,1.4104,66.67,0.1368,-1.0,LOW,0.4104,0.4104,0.4104,0.0,0.0,11.8283,UNSTABLE
2026-05-29T15:17:24+00:00,CHOPPY_RANGE_LONG,entry_context=CHOPPY_RANGE,volume_bucket,volume_low,3,0.4104,1.4104,66.67,0.1368,-1.0,LOW,0.4104,0.4104,0.4104,0.0,0.0,11.8283,UNSTABLE
2026-05-29T15:17:24+00:00,CHOPPY_RANGE_LONG,entry_context=CHOPPY_RANGE,body_ratio_bucket,UNKNOWN,3,0.4104,1.4104,66.67,0.1368,-1.0,LOW,0.4104,0.4104,0.4104,0.0,0.0,11.8283,UNSTABLE
2026-05-29T15:17:24+00:00,CHOPPY_RANGE_LONG,entry_context=CHOPPY_RANGE,trend_alignment,aligned,3,0.4104,1.4104,66.67,0.1368,-1.0,LOW,0.4104,0.4104,0.4104,0.0,0.0,11.8283,UNSTABLE
2026-05-29T15:17:24+00:00,CHOPPY_RANGE_LONG,entry_context=CHOPPY_RANGE,penalty,market_structure_range_penalty:10,3,0.4104,1.4104,66.67,0.1368,-1.0,LOW,0.4104,0.4104,0.4104,0.0,0.0,11.8283,UNSTABLE
2026-05-29T15:17:24+00:00,CHOPPY_RANGE_LONG,entry_context=CHOPPY_RANGE,rejection_reason,market_structure_range_penalty,3,0.4104,1.4104,66.67,0.1368,-1.0,LOW,0.4104,0.4104,0.4104,0.0,0.0,11.8283,UNSTABLE
2026-05-29T15:17:24+00:00,LONDON_ONLY,market_regime=HIGH_VOLATILITY,trade_location,discount_zone,2,0.8205,5.571,50.0,0.4103,-0.1795,LOW,0.8205,0.8205,0.8205,0.0,0.0,22.347,UNSTABLE
2026-05-29T15:17:24+00:00,GLOBAL,entry_context=CHOPPY_RANGE,score_bucket,80-89,1,0.4104,,100.0,0.4104,0.0,LOW,0.4104,0.4104,0.4104,0.0,0.0,29.0288,UNSTABLE
2026-05-29T15:17:24+00:00,GLOBAL,entry_context=CHOPPY_RANGE,opened_hour_utc,20,1,0.4104,,100.0,0.4104,0.0,LOW,0.4104,0.4104,0.4104,0.0,0.0,29.0288,UNSTABLE
2026-05-29T15:17:24+00:00,GLOBAL,entry_context=CHOPPY_RANGE,symbol,AVAXUSDT,1,0.4104,,100.0,0.4104,0.0,LOW,0.4104,0.4104,0.4104,0.0,0.0,29.0288,UNSTABLE
2026-05-29T15:17:24+00:00,GLOBAL,entry_context=CHOPPY_RANGE,rejection_reason,secondary_setup_requirements_failed,1,0.4104,,100.0,0.4104,0.0,LOW,0.4104,0.4104,0.4104,0.0,0.0,29.0288,UNSTABLE
2026-05-29T15:17:24+00:00,LONG_ONLY,entry_context=CHOPPY_RANGE,session,NEW_YORK,1,0.4104,,100.0,0.4104,0.0,LOW,0.4104,0.4104,0.4104,0.0,0.0,29.0288,UNSTABLE
2026-05-29T15:17:24+00:00,LONG_ONLY,entry_context=CHOPPY_RANGE,setup_type,SECONDARY_SIGNAL,1,0.4104,,100.0,0.4104,0.0,LOW,0.4104,0.4104,0.4104,0.0,0.0,29.0288,UNSTABLE
2026-05-29T15:17:24+00:00,LONG_ONLY,entry_context=CHOPPY_RANGE,trade_location,premium_zone,1,0.4104,,100.0,0.4104,0.0,LOW,0.4104,0.4104,0.4104,0.0,0.0,29.0288,UNSTABLE
2026-05-29T15:17:24+00:00,LONG_ONLY,entry_context=CHOPPY_RANGE,score_bucket,80-89,1,0.4104,,100.0,0.4104,0.0,LOW,0.4104,0.4104,0.4104,0.0,0.0,29.0288,UNSTABLE
2026-05-29T15:17:24+00:00,LONG_ONLY,entry_context=CHOPPY_RANGE,rr_bucket,rr_1_5_to_2,1,0.4104,,100.0,0.4104,0.0,LOW,0.4104,0.4104,0.4104,0.0,0.0,29.0288,UNSTABLE
2026-05-29T15:17:24+00:00,LONG_ONLY,entry_context=CHOPPY_RANGE,opened_hour_utc,20,1,0.4104,,100.0,0.4104,0.0,LOW,0.4104,0.4104,0.4104,0.0,0.0,29.0288,UNSTABLE
2026-05-29T15:17:24+00:00,LONG_ONLY,entry_context=CHOPPY_RANGE,symbol,AVAXUSDT,1,0.4104,,100.0,0.4104,0.0,LOW,0.4104,0.4104,0.4104,0.0,0.0,29.0288,UNSTABLE
2026-05-29T15:17:24+00:00,LONG_ONLY,entry_context=CHOPPY_RANGE,penalty,secondary_confluence_bonus:+30,1,0.4104,,100.0,0.4104,0.0,LOW,0.4104,0.4104,0.4104,0.0,0.0,29.0288,UNSTABLE
2026-05-29T15:17:24+00:00,LONG_ONLY,entry_context=CHOPPY_RANGE,rejection_reason,secondary_setup_requirements_failed,1,0.4104,,100.0,0.4104,0.0,LOW,0.4104,0.4104,0.4104,0.0,0.0,29.0288,UNSTABLE
2026-05-29T15:17:24+00:00,CHOPPY_RANGE_LONG,entry_context=CHOPPY_RANGE,session,NEW_YORK,1,0.4104,,100.0,0.4104,0.0,LOW,0.4104,0.4104,0.4104,0.0,0.0,29.0288,UNSTABLE
2026-05-29T15:17:24+00:00,CHOPPY_RANGE_LONG,entry_context=CHOPPY_RANGE,setup_type,SECONDARY_SIGNAL,1,0.4104,,100.0,0.4104,0.0,LOW,0.4104,0.4104,0.4104,0.0,0.0,29.0288,UNSTABLE
2026-05-29T15:17:24+00:00,CHOPPY_RANGE_LONG,entry_context=CHOPPY_RANGE,trade_location,premium_zone,1,0.4104,,100.0,0.4104,0.0,LOW,0.4104,0.4104,0.4104,0.0,0.0,29.0288,UNSTABLE
2026-05-29T15:17:24+00:00,CHOPPY_RANGE_LONG,entry_context=CHOPPY_RANGE,score_bucket,80-89,1,0.4104,,100.0,0.4104,0.0,LOW,0.4104,0.4104,0.4104,0.0,0.0,29.0288,UNSTABLE
2026-05-29T15:17:24+00:00,CHOPPY_RANGE_LONG,entry_context=CHOPPY_RANGE,rr_bucket,rr_1_5_to_2,1,0.4104,,100.0,0.4104,0.0,LOW,0.4104,0.4104,0.4104,0.0,0.0,29.0288,UNSTABLE
2026-05-29T15:17:24+00:00,CHOPPY_RANGE_LONG,entry_context=CHOPPY_RANGE,opened_hour_utc,20,1,0.4104,,100.0,0.4104,0.0,LOW,0.4104,0.4104,0.4104,0.0,0.0,29.0288,UNSTABLE
2026-05-29T15:17:24+00:00,CHOPPY_RANGE_LONG,entry_context=CHOPPY_RANGE,symbol,AVAXUSDT,1,0.4104,,100.0,0.4104,0.0,LOW,0.4104,0.4104,0.4104,0.0,0.0,29.0288,UNSTABLE
2026-05-29T15:17:24+00:00,CHOPPY_RANGE_LONG,entry_context=CHOPPY_RANGE,penalty,secondary_confluence_bonus:+30,1,0.4104,,100.0,0.4104,0.0,LOW,0.4104,0.4104,0.4104,0.0,0.0,29.0288,UNSTABLE
2026-05-29T15:17:24+00:00,CHOPPY_RANGE_LONG,entry_context=CHOPPY_RANGE,rejection_reason,secondary_setup_requirements_failed,1,0.4104,,100.0,0.4104,0.0,LOW,0.4104,0.4104,0.4104,0.0,0.0,29.0288,UNSTABLE
2026-05-29T15:17:24+00:00,SHORT_ONLY,market_regime=HIGH_VOLATILITY,volume_bucket,volume_mid,2,2.3097,4.6016,50.0,1.1549,-0.6413,LOW,2.3097,2.3097,2.3097,0.0,0.0,34.6194,UNSTABLE
2026-05-29T15:17:24+00:00,HIGH_VOLATILITY_SHORT,market_regime=HIGH_VOLATILITY,volume_bucket,volume_mid,2,2.3097,4.6016,50.0,1.1549,-0.6413,LOW,2.3097,2.3097,2.3097,0.0,0.0,34.6194,UNSTABLE
2026-05-29T15:17:24+00:00,LONDON_ONLY,SEGMENT,segment,LONDON_ONLY,14,3.084,1.5257,42.86,0.2203,-2.4775,MEDIUM,4.584,3.084,3.084,-0.2381,0.0,35.2335,UNSTABLE
2026-05-29T15:17:24+00:00,LONDON_ONLY,market_regime=HIGH_VOLATILITY,penalty,market_structure_range_penalty:10,4,3.5615,10.1438,50.0,0.8904,-0.21,LOW,3.5615,3.5615,3.5615,0.0,0.0,37.123,UNSTABLE
2026-05-29T15:17:24+00:00,LONDON_ONLY,market_regime=HIGH_VOLATILITY,rejection_reason,market_structure_range_penalty,4,3.5615,10.1438,50.0,0.8904,-0.21,LOW,3.5615,3.5615,3.5615,0.0,0.0,37.123,UNSTABLE
2026-05-29T15:17:24+00:00,GLOBAL,entry_context=CHOPPY_RANGE,opened_hour_utc,12,1,1.0,,100.0,1.0,0.0,LOW,1.0,1.0,1.0,0.0,0.0,39.5,UNSTABLE
2026-05-29T15:17:24+00:00,GLOBAL,entry_context=CHOPPY_RANGE,symbol,DOGEUSDT,1,1.0,,100.0,1.0,0.0,LOW,1.0,1.0,1.0,0.0,0.0,39.5,UNSTABLE
2026-05-29T15:17:24+00:00,GLOBAL,market_regime=HIGH_VOLATILITY,trend_alignment,misaligned,1,1.0,,100.0,1.0,0.0,LOW,1.0,1.0,1.0,0.0,0.0,39.5,UNSTABLE
2026-05-29T15:17:24+00:00,GLOBAL,market_regime=HIGH_VOLATILITY,symbol,SOLUSDT,1,1.0,,100.0,1.0,0.0,LOW,1.0,1.0,1.0,0.0,0.0,39.5,UNSTABLE
2026-05-29T15:17:24+00:00,GLOBAL,market_regime=HIGH_VOLATILITY,penalty,timeframe_alignment_penalty:10,1,1.0,,100.0,1.0,0.0,LOW,1.0,1.0,1.0,0.0,0.0,39.5,UNSTABLE
2026-05-29T15:17:24+00:00,GLOBAL,market_regime=HIGH_VOLATILITY,rejection_reason,higher_timeframe_contradicts_long,1,1.0,,100.0,1.0,0.0,LOW,1.0,1.0,1.0,0.0,0.0,39.5,UNSTABLE
2026-05-29T15:17:24+00:00,GLOBAL,market_regime=HIGH_VOLATILITY,rejection_reason,timeframe_alignment_penalty,1,1.0,,100.0,1.0,0.0,LOW,1.0,1.0,1.0,0.0,0.0,39.5,UNSTABLE
2026-05-29T15:17:24+00:00,LONDON_ONLY,entry_context=CHOPPY_RANGE,opened_hour_utc,12,1,1.0,,100.0,1.0,0.0,LOW,1.0,1.0,1.0,0.0,0.0,39.5,UNSTABLE
2026-05-29T15:17:24+00:00,LONDON_ONLY,entry_context=CHOPPY_RANGE,symbol,DOGEUSDT,1,1.0,,100.0,1.0,0.0,LOW,1.0,1.0,1.0,0.0,0.0,39.5,UNSTABLE
2026-05-29T15:17:24+00:00,LONDON_ONLY,entry_context=CHOPPY_RANGE,rejection_reason,body_ratio_below_threshold,1,1.0,,100.0,1.0,0.0,LOW,1.0,1.0,1.0,0.0,0.0,39.5,UNSTABLE
2026-05-29T15:17:24+00:00,LONDON_ONLY,market_regime=HIGH_VOLATILITY,direction,long,1,1.0,,100.0,1.0,0.0,LOW,1.0,1.0,1.0,0.0,0.0,39.5,UNSTABLE
2026-05-29T15:17:24+00:00,LONDON_ONLY,market_regime=HIGH_VOLATILITY,score_bucket,60-69,1,1.0,,100.0,1.0,0.0,LOW,1.0,1.0,1.0,0.0,0.0,39.5,UNSTABLE
2026-05-29T15:17:24+00:00,LONDON_ONLY,market_regime=HIGH_VOLATILITY,trend_alignment,misaligned,1,1.0,,100.0,1.0,0.0,LOW,1.0,1.0,1.0,0.0,0.0,39.5,UNSTABLE
2026-05-29T15:17:24+00:00,LONDON_ONLY,market_regime=HIGH_VOLATILITY,symbol,SOLUSDT,1,1.0,,100.0,1.0,0.0,LOW,1.0,1.0,1.0,0.0,0.0,39.5,UNSTABLE
2026-05-29T15:17:24+00:00,LONDON_ONLY,market_regime=HIGH_VOLATILITY,penalty,timeframe_alignment_penalty:10,1,1.0,,100.0,1.0,0.0,LOW,1.0,1.0,1.0,0.0,0.0,39.5,UNSTABLE
2026-05-29T15:17:24+00:00,LONDON_ONLY,market_regime=HIGH_VOLATILITY,rejection_reason,higher_timeframe_contradicts_long,1,1.0,,100.0,1.0,0.0,LOW,1.0,1.0,1.0,0.0,0.0,39.5,UNSTABLE
2026-05-29T15:17:24+00:00,LONDON_ONLY,market_regime=HIGH_VOLATILITY,rejection_reason,timeframe_alignment_penalty,1,1.0,,100.0,1.0,0.0,LOW,1.0,1.0,1.0,0.0,0.0,39.5,UNSTABLE
2026-05-29T15:17:24+00:00,LONG_ONLY,entry_context=CHOPPY_RANGE,opened_hour_utc,12,1,1.0,,100.0,1.0,0.0,LOW,1.0,1.0,1.0,0.0,0.0,39.5,UNSTABLE
2026-05-29T15:17:24+00:00,LONG_ONLY,entry_context=CHOPPY_RANGE,symbol,DOGEUSDT,1,1.0,,100.0,1.0,0.0,LOW,1.0,1.0,1.0,0.0,0.0,39.5,UNSTABLE
2026-05-29T15:17:24+00:00,LONG_ONLY,entry_context=CHOPPY_RANGE,rejection_reason,body_ratio_below_threshold,1,1.0,,100.0,1.0,0.0,LOW,1.0,1.0,1.0,0.0,0.0,39.5,UNSTABLE
2026-05-29T15:17:24+00:00,LONG_ONLY,market_regime=HIGH_VOLATILITY,session,LONDON,1,1.0,,100.0,1.0,0.0,LOW,1.0,1.0,1.0,0.0,0.0,39.5,UNSTABLE
2026-05-29T15:17:24+00:00,LONG_ONLY,market_regime=HIGH_VOLATILITY,trade_location,discount_zone,1,1.0,,100.0,1.0,0.0,LOW,1.0,1.0,1.0,0.0,0.0,39.5,UNSTABLE
2026-05-29T15:17:24+00:00,LONG_ONLY,market_regime=HIGH_VOLATILITY,rr_bucket,rr_1_5_to_2,1,1.0,,100.0,1.0,0.0,LOW,1.0,1.0,1.0,0.0,0.0,39.5,UNSTABLE
2026-05-29T15:17:24+00:00,LONG_ONLY,market_regime=HIGH_VOLATILITY,trend_alignment,misaligned,1,1.0,,100.0,1.0,0.0,LOW,1.0,1.0,1.0,0.0,0.0,39.5,UNSTABLE
2026-05-29T15:17:24+00:00,LONG_ONLY,market_regime=HIGH_VOLATILITY,opened_hour_utc,11,1,1.0,,100.0,1.0,0.0,LOW,1.0,1.0,1.0,0.0,0.0,39.5,UNSTABLE
2026-05-29T15:17:24+00:00,LONG_ONLY,market_regime=HIGH_VOLATILITY,symbol,SOLUSDT,1,1.0,,100.0,1.0,0.0,LOW,1.0,1.0,1.0,0.0,0.0,39.5,UNSTABLE
2026-05-29T15:17:24+00:00,LONG_ONLY,market_regime=HIGH_VOLATILITY,penalty,timeframe_alignment_penalty:10,1,1.0,,100.0,1.0,0.0,LOW,1.0,1.0,1.0,0.0,0.0,39.5,UNSTABLE
2026-05-29T15:17:24+00:00,LONG_ONLY,market_regime=HIGH_VOLATILITY,rejection_reason,higher_timeframe_contradicts_long,1,1.0,,100.0,1.0,0.0,LOW,1.0,1.0,1.0,0.0,0.0,39.5,UNSTABLE
2026-05-29T15:17:24+00:00,LONG_ONLY,market_regime=HIGH_VOLATILITY,rejection_reason,timeframe_alignment_penalty,1,1.0,,100.0,1.0,0.0,LOW,1.0,1.0,1.0,0.0,0.0,39.5,UNSTABLE
2026-05-29T15:17:24+00:00,HIGH_VOLATILITY_LONG,market_regime=HIGH_VOLATILITY,session,LONDON,1,1.0,,100.0,1.0,0.0,LOW,1.0,1.0,1.0,0.0,0.0,39.5,UNSTABLE
2026-05-29T15:17:24+00:00,HIGH_VOLATILITY_LONG,market_regime=HIGH_VOLATILITY,trade_location,discount_zone,1,1.0,,100.0,1.0,0.0,LOW,1.0,1.0,1.0,0.0,0.0,39.5,UNSTABLE
2026-05-29T15:17:24+00:00,HIGH_VOLATILITY_LONG,market_regime=HIGH_VOLATILITY,rr_bucket,rr_1_5_to_2,1,1.0,,100.0,1.0,0.0,LOW,1.0,1.0,1.0,0.0,0.0,39.5,UNSTABLE
2026-05-29T15:17:24+00:00,HIGH_VOLATILITY_LONG,market_regime=HIGH_VOLATILITY,trend_alignment,misaligned,1,1.0,,100.0,1.0,0.0,LOW,1.0,1.0,1.0,0.0,0.0,39.5,UNSTABLE
2026-05-29T15:17:24+00:00,HIGH_VOLATILITY_LONG,market_regime=HIGH_VOLATILITY,opened_hour_utc,11,1,1.0,,100.0,1.0,0.0,LOW,1.0,1.0,1.0,0.0,0.0,39.5,UNSTABLE
2026-05-29T15:17:24+00:00,HIGH_VOLATILITY_LONG,market_regime=HIGH_VOLATILITY,symbol,SOLUSDT,1,1.0,,100.0,1.0,0.0,LOW,1.0,1.0,1.0,0.0,0.0,39.5,UNSTABLE
2026-05-29T15:17:24+00:00,HIGH_VOLATILITY_LONG,market_regime=HIGH_VOLATILITY,penalty,timeframe_alignment_penalty:10,1,1.0,,100.0,1.0,0.0,LOW,1.0,1.0,1.0,0.0,0.0,39.5,UNSTABLE
2026-05-29T15:17:24+00:00,HIGH_VOLATILITY_LONG,market_regime=HIGH_VOLATILITY,rejection_reason,higher_timeframe_contradicts_long,1,1.0,,100.0,1.0,0.0,LOW,1.0,1.0,1.0,0.0,0.0,39.5,UNSTABLE
2026-05-29T15:17:24+00:00,HIGH_VOLATILITY_LONG,market_regime=HIGH_VOLATILITY,rejection_reason,timeframe_alignment_penalty,1,1.0,,100.0,1.0,0.0,LOW,1.0,1.0,1.0,0.0,0.0,39.5,UNSTABLE
2026-05-29T15:17:24+00:00,CHOPPY_RANGE_LONG,entry_context=CHOPPY_RANGE,opened_hour_utc,12,1,1.0,,100.0,1.0,0.0,LOW,1.0,1.0,1.0,0.0,0.0,39.5,UNSTABLE
2026-05-29T15:17:24+00:00,CHOPPY_RANGE_LONG,entry_context=CHOPPY_RANGE,symbol,DOGEUSDT,1,1.0,,100.0,1.0,0.0,LOW,1.0,1.0,1.0,0.0,0.0,39.5,UNSTABLE
2026-05-29T15:17:24+00:00,CHOPPY_RANGE_LONG,entry_context=CHOPPY_RANGE,rejection_reason,body_ratio_below_threshold,1,1.0,,100.0,1.0,0.0,LOW,1.0,1.0,1.0,0.0,0.0,39.5,UNSTABLE
2026-05-29T15:17:24+00:00,GLOBAL,market_regime=HIGH_VOLATILITY,setup_type,MAIN_SIGNAL,3,2.951,3.951,66.67,0.9837,-1.0,LOW,2.951,2.951,2.951,0.0,0.0,40.0695,UNSTABLE
2026-05-29T15:17:24+00:00,GLOBAL,market_regime=HIGH_VOLATILITY,entry_context,PULLBACK,1,2.951,,100.0,2.951,0.0,LOW,2.951,2.951,2.951,0.0,0.0,43.402,UNSTABLE
2026-05-29T15:17:24+00:00,GLOBAL,market_regime=HIGH_VOLATILITY,trade_location,near_resistance,1,2.951,,100.0,2.951,0.0,LOW,2.951,2.951,2.951,0.0,0.0,43.402,UNSTABLE
2026-05-29T15:17:24+00:00,GLOBAL,market_regime=HIGH_VOLATILITY,score_bucket,<60,1,2.951,,100.0,2.951,0.0,LOW,2.951,2.951,2.951,0.0,0.0,43.402,UNSTABLE
2026-05-29T15:17:24+00:00,GLOBAL,market_regime=HIGH_VOLATILITY,opened_hour_utc,8,1,2.951,,100.0,2.951,0.0,LOW,2.951,2.951,2.951,0.0,0.0,43.402,UNSTABLE
2026-05-29T15:17:24+00:00,GLOBAL,market_regime=HIGH_VOLATILITY,symbol,INJUSDT,1,2.951,,100.0,2.951,0.0,LOW,2.951,2.951,2.951,0.0,0.0,43.402,UNSTABLE
2026-05-29T15:17:24+00:00,GLOBAL,market_regime=HIGH_VOLATILITY,rejection_reason,body_ratio_below_threshold,1,2.951,,100.0,2.951,0.0,LOW,2.951,2.951,2.951,0.0,0.0,43.402,UNSTABLE
2026-05-29T15:17:24+00:00,LONDON_ONLY,market_regime=HIGH_VOLATILITY,entry_context,PULLBACK,1,2.951,,100.0,2.951,0.0,LOW,2.951,2.951,2.951,0.0,0.0,43.402,UNSTABLE
2026-05-29T15:17:24+00:00,LONDON_ONLY,market_regime=HIGH_VOLATILITY,trade_location,near_resistance,1,2.951,,100.0,2.951,0.0,LOW,2.951,2.951,2.951,0.0,0.0,43.402,UNSTABLE
2026-05-29T15:17:24+00:00,LONDON_ONLY,market_regime=HIGH_VOLATILITY,score_bucket,<60,1,2.951,,100.0,2.951,0.0,LOW,2.951,2.951,2.951,0.0,0.0,43.402,UNSTABLE
2026-05-29T15:17:24+00:00,LONDON_ONLY,market_regime=HIGH_VOLATILITY,volume_bucket,volume_mid,1,2.951,,100.0,2.951,0.0,LOW,2.951,2.951,2.951,0.0,0.0,43.402,UNSTABLE
2026-05-29T15:17:24+00:00,LONDON_ONLY,market_regime=HIGH_VOLATILITY,rr_bucket,rr_2_plus,1,2.951,,100.0,2.951,0.0,LOW,2.951,2.951,2.951,0.0,0.0,43.402,UNSTABLE
2026-05-29T15:17:24+00:00,LONDON_ONLY,market_regime=HIGH_VOLATILITY,opened_hour_utc,8,1,2.951,,100.0,2.951,0.0,LOW,2.951,2.951,2.951,0.0,0.0,43.402,UNSTABLE
2026-05-29T15:17:24+00:00,LONDON_ONLY,market_regime=HIGH_VOLATILITY,symbol,INJUSDT,1,2.951,,100.0,2.951,0.0,LOW,2.951,2.951,2.951,0.0,0.0,43.402,UNSTABLE
2026-05-29T15:17:24+00:00,LONDON_ONLY,market_regime=HIGH_VOLATILITY,rejection_reason,body_ratio_below_threshold,1,2.951,,100.0,2.951,0.0,LOW,2.951,2.951,2.951,0.0,0.0,43.402,UNSTABLE
2026-05-29T15:17:24+00:00,SHORT_ONLY,market_regime=HIGH_VOLATILITY,setup_type,MAIN_SIGNAL,1,2.951,,100.0,2.951,0.0,LOW,2.951,2.951,2.951,0.0,0.0,43.402,UNSTABLE
2026-05-29T15:17:24+00:00,SHORT_ONLY,market_regime=HIGH_VOLATILITY,entry_context,PULLBACK,1,2.951,,100.0,2.951,0.0,LOW,2.951,2.951,2.951,0.0,0.0,43.402,UNSTABLE
2026-05-29T15:17:24+00:00,SHORT_ONLY,market_regime=HIGH_VOLATILITY,trade_location,near_resistance,1,2.951,,100.0,2.951,0.0,LOW,2.951,2.951,2.951,0.0,0.0,43.402,UNSTABLE
2026-05-29T15:17:24+00:00,SHORT_ONLY,market_regime=HIGH_VOLATILITY,score_bucket,<60,1,2.951,,100.0,2.951,0.0,LOW,2.951,2.951,2.951,0.0,0.0,43.402,UNSTABLE
2026-05-29T15:17:24+00:00,SHORT_ONLY,market_regime=HIGH_VOLATILITY,rr_bucket,rr_2_plus,1,2.951,,100.0,2.951,0.0,LOW,2.951,2.951,2.951,0.0,0.0,43.402,UNSTABLE
2026-05-29T15:17:24+00:00,SHORT_ONLY,market_regime=HIGH_VOLATILITY,opened_hour_utc,8,1,2.951,,100.0,2.951,0.0,LOW,2.951,2.951,2.951,0.0,0.0,43.402,UNSTABLE
2026-05-29T15:17:24+00:00,SHORT_ONLY,market_regime=HIGH_VOLATILITY,symbol,INJUSDT,1,2.951,,100.0,2.951,0.0,LOW,2.951,2.951,2.951,0.0,0.0,43.402,UNSTABLE
2026-05-29T15:17:24+00:00,SHORT_ONLY,market_regime=HIGH_VOLATILITY,rejection_reason,body_ratio_below_threshold,1,2.951,,100.0,2.951,0.0,LOW,2.951,2.951,2.951,0.0,0.0,43.402,UNSTABLE
2026-05-29T15:17:24+00:00,HIGH_VOLATILITY_SHORT,market_regime=HIGH_VOLATILITY,setup_type,MAIN_SIGNAL,1,2.951,,100.0,2.951,0.0,LOW,2.951,2.951,2.951,0.0,0.0,43.402,UNSTABLE
2026-05-29T15:17:24+00:00,HIGH_VOLATILITY_SHORT,market_regime=HIGH_VOLATILITY,entry_context,PULLBACK,1,2.951,,100.0,2.951,0.0,LOW,2.951,2.951,2.951,0.0,0.0,43.402,UNSTABLE
2026-05-29T15:17:24+00:00,HIGH_VOLATILITY_SHORT,market_regime=HIGH_VOLATILITY,trade_location,near_resistance,1,2.951,,100.0,2.951,0.0,LOW,2.951,2.951,2.951,0.0,0.0,43.402,UNSTABLE
2026-05-29T15:17:24+00:00,HIGH_VOLATILITY_SHORT,market_regime=HIGH_VOLATILITY,score_bucket,<60,1,2.951,,100.0,2.951,0.0,LOW,2.951,2.951,2.951,0.0,0.0,43.402,UNSTABLE
2026-05-29T15:17:24+00:00,HIGH_VOLATILITY_SHORT,market_regime=HIGH_VOLATILITY,rr_bucket,rr_2_plus,1,2.951,,100.0,2.951,0.0,LOW,2.951,2.951,2.951,0.0,0.0,43.402,UNSTABLE
2026-05-29T15:17:24+00:00,HIGH_VOLATILITY_SHORT,market_regime=HIGH_VOLATILITY,opened_hour_utc,8,1,2.951,,100.0,2.951,0.0,LOW,2.951,2.951,2.951,0.0,0.0,43.402,UNSTABLE
2026-05-29T15:17:24+00:00,HIGH_VOLATILITY_SHORT,market_regime=HIGH_VOLATILITY,symbol,INJUSDT,1,2.951,,100.0,2.951,0.0,LOW,2.951,2.951,2.951,0.0,0.0,43.402,UNSTABLE
2026-05-29T15:17:24+00:00,HIGH_VOLATILITY_SHORT,market_regime=HIGH_VOLATILITY,rejection_reason,body_ratio_below_threshold,1,2.951,,100.0,2.951,0.0,LOW,2.951,2.951,2.951,0.0,0.0,43.402,UNSTABLE
2026-05-29T15:17:24+00:00,LONDON_ONLY,market_regime=HIGH_VOLATILITY,setup_type,MAIN_SIGNAL,2,3.951,,100.0,1.9755,0.0,LOW,3.951,3.951,3.951,0.0,0.0,45.402,UNSTABLE
2026-05-29T15:17:24+00:00,GLOBAL,market_regime=HIGH_VOLATILITY,session,LONDON,5,2.5615,2.8435,40.0,0.5123,-1.0,LOW,2.5615,2.5615,2.5615,0.0,0.0,55.738,UNSTABLE
2026-05-29T15:17:24+00:00,GLOBAL,market_regime=HIGH_VOLATILITY,penalty,market_structure_range_penalty:10,5,2.5615,2.8435,40.0,0.5123,-1.21,LOW,2.5615,2.5615,2.5615,0.0,0.0,55.738,UNSTABLE
2026-05-29T15:17:24+00:00,GLOBAL,market_regime=HIGH_VOLATILITY,rejection_reason,market_structure_range_penalty,5,2.5615,2.8435,40.0,0.5123,-1.21,LOW,2.5615,2.5615,2.5615,0.0,0.0,55.738,UNSTABLE
2026-05-29T15:17:24+00:00,LONDON_ONLY,market_regime=HIGH_VOLATILITY,target_context,market_regime=HIGH_VOLATILITY,5,2.5615,2.8435,40.0,0.5123,-1.0,LOW,2.5615,2.5615,2.5615,0.0,0.0,55.738,UNSTABLE
2026-05-29T15:17:24+00:00,LONDON_ONLY,market_regime=HIGH_VOLATILITY,session,LONDON,5,2.5615,2.8435,40.0,0.5123,-1.0,LOW,2.5615,2.5615,2.5615,0.0,0.0,55.738,UNSTABLE
2026-05-29T15:17:24+00:00,LONDON_ONLY,market_regime=HIGH_VOLATILITY,market_regime,HIGH_VOLATILITY,5,2.5615,2.8435,40.0,0.5123,-1.0,LOW,2.5615,2.5615,2.5615,0.0,0.0,55.738,UNSTABLE
2026-05-29T15:17:24+00:00,LONDON_ONLY,market_regime=HIGH_VOLATILITY,body_ratio_bucket,UNKNOWN,5,2.5615,2.8435,40.0,0.5123,-1.0,LOW,2.5615,2.5615,2.5615,0.0,0.0,55.738,UNSTABLE
2026-05-29T15:17:24+00:00,LONG_ONLY,SEGMENT,segment,LONG_ONLY,19,6.225,1.7513,52.63,0.3276,-2.3432,MEDIUM,4.8062,6.225,6.225,-0.153,0.0,56.64,UNSTABLE
