label,label_reason,result_r,signal_id,timestamp,symbol,direction,market_regime,session,entry_context,trade_location,setup_type,score,trend,trend_higher_timeframe,timeframe_alignment,rsi,body_ratio,volume_ratio,atr,distance_to_liquidity_atr,liquidity_sweep,break_of_structure,has_against_htf,has_low_volume,has_dirty_sideways_market,has_market_structure_range_penalty,has_timeframe_alignment_penalty,has_secondary_confluence_bonus,warnings_count,penalties_count,meta_decision_score,trade_quality_score,edge_confirmation_score
0,recorded_status_sl,-1.0,paper_574e48fcba32,2026-04-28T10:02:12.133433+00:00,SOLUSDT,long,RANGING,LONDON,CHOPPY_RANGE,near_support,MAIN_SIGNAL,,,,,,,,,,,,True,True,True,False,False,False,3,0,,,
0,recorded_status_sl,-1.0,paper_7e59b7f6c9e5,2026-04-28T10:02:16.307129+00:00,AVAXUSDT,short,RANGING,LONDON,BREAKOUT,discount_zone,SECONDARY_SIGNAL,,,,,,,,,,,,False,False,False,False,False,False,0,0,,,
0,recorded_status_sl,-1.0,paper_649bf046a003,2026-04-28T14:14:33.249576+00:00,BTCUSDT,long,TRENDING,OVERLAP,BREAKOUT,near_support,MAIN_SIGNAL,,,,,,,,,,,,False,False,False,False,False,False,0,0,,,
1,recorded_status_tp,1.6568,paper_510c20e135f8,2026-04-28T14:14:38.968556+00:00,ETHUSDT,long,TRENDING,OVERLAP,EXHAUSTION,mid_range,MAIN_SIGNAL,,,,,,,,,,,,True,False,False,False,False,False,1,0,,,
0,recorded_status_sl,-1.0,paper_c94d19d20d84,2026-04-28T14:14:41.645716+00:00,SOLUSDT,long,TRENDING,OVERLAP,EXHAUSTION,near_support,MAIN_SIGNAL,,,,,,,,,,,,True,False,False,False,False,False,1,0,,,
,recorded_status_timeout,-0.382,paper_17caaed62ea9,2026-04-28T14:14:43.767875+00:00,XRPUSDT,short,TRENDING,OVERLAP,BREAKOUT,near_support,SECONDARY_SIGNAL,,,,,,,,,,,,False,False,False,False,False,False,0,0,,,
0,recorded_status_sl,-1.0,paper_48a7dc3fae23,2026-04-28T14:14:45.748676+00:00,BNBUSDT,long,TRENDING,OVERLAP,PULLBACK,near_support,MAIN_SIGNAL,,,,,,,,,,,,True,False,False,False,False,False,1,0,,,
1,recorded_status_tp,4.2552,paper_2d92dc2ee93c,2026-04-28T15:00:41.459369+00:00,BTCUSDT,long,TRENDING,OVERLAP,BREAKOUT,near_support,MAIN_SIGNAL,,,,,,,,,,,,False,False,False,False,False,False,0,0,,,
,recorded_status_timeout,-0.7278,paper_bf945802b0be,2026-04-28T15:00:45.167918+00:00,XRPUSDT,short,TRENDING,OVERLAP,BREAKOUT,near_support,SECONDARY_SIGNAL,,,,,,,,,,,,False,False,False,False,False,False,1,0,,,
0,recorded_status_sl,-1.0,paper_72cb1df1ca8a,2026-04-28T15:00:45.883088+00:00,BNBUSDT,long,RANGING,OVERLAP,PULLBACK,mid_range,MAIN_SIGNAL,,,,,,,,,,,,True,False,False,False,False,False,1,0,,,
1,recorded_status_tp,1.5068,paper_870fb8b37b42,2026-04-28T15:00:47.446088+00:00,AVAXUSDT,long,RANGING,OVERLAP,PULLBACK,near_support,MAIN_SIGNAL,,,,,,,,,,,,True,False,False,False,False,False,1,0,,,
,recorded_status_timeout,-0.4775,paper_6a4932df60ec,2026-04-29T13:13:09.111180+00:00,XRPUSDT,short,RANGING,LONDON,BREAKOUT,discount_zone,SECONDARY_SIGNAL,,,,,,,,,,,,False,False,False,False,False,False,0,0,,,
1,recorded_status_tp,1.5,paper_292d78d82e52,2026-04-29T13:13:10.433358+00:00,BNBUSDT,short,RANGING,LONDON,BREAKOUT,near_support,SECONDARY_SIGNAL,,,,,,,,,,,,False,False,False,False,False,False,0,0,,,
0,recorded_status_sl,-1.0,paper_0b7e085088d6,2026-04-29T14:31:31.479644+00:00,XRPUSDT,long,RANGING,OVERLAP,BREAKOUT,near_support,MAIN_SIGNAL,,,,,,,,,,,,True,False,False,False,False,False,1,0,,,
,recorded_status_timeout,0.3667,paper_ae3246da176e,2026-04-29T14:31:33.493087+00:00,BNBUSDT,short,RANGING,OVERLAP,BREAKOUT,near_support,SECONDARY_SIGNAL,,,,,,,,,,,,False,False,False,False,False,False,0,0,,,
,recorded_status_timeout,-0.6413,paper_dcc18262f0d7,2026-04-29T17:01:29.578609+00:00,DOGEUSDT,short,HIGH_VOLATILITY,OVERLAP,BREAKOUT,discount_zone,SECONDARY_SIGNAL,,,,,,,,,,,,True,False,False,False,False,False,1,0,,,
0,recorded_status_sl,-1.0,paper_d765e905e49e,2026-05-01T10:12:58.032276+00:00,DOGEUSDT,short,HIGH_VOLATILITY,LONDON,BREAKOUT,mid_range,SECONDARY_SIGNAL,,,,,,,,,,,,True,True,False,False,False,False,2,0,,,
,recorded_status_timeout,1.0,paper_0fb769a9b409,2026-05-02T12:12:45.394516+00:00,DOGEUSDT,long,RANGING,LONDON,CHOPPY_RANGE,near_support,MAIN_SIGNAL,,,,,,,,,,,,False,True,True,False,False,False,2,0,,,
1,recorded_status_tp,2.0,live_1abe8095a83a,2026-05-02T14:18:47.675842+00:00,DOGEUSDT,long,TRENDING,OVERLAP,BREAKOUT,mid_range,SECONDARY_SIGNAL,,,,,,,,,,,,False,False,False,False,False,False,1,0,,,
,recorded_status_timeout,-0.2855,paper_4dce208723e8,2026-05-02T14:18:47.676762+00:00,DOGEUSDT,long,TRENDING,OVERLAP,BREAKOUT,mid_range,SECONDARY_SIGNAL,,,,,,,,,,,,False,False,False,False,False,False,1,0,,,
0,recorded_status_sl,-1.0,live_40ef80972b50,2026-05-03T20:02:59.793778+00:00,ETHUSDT,long,RANGING,NEW_YORK,BREAKOUT,near_resistance,SECONDARY_SIGNAL,,,,,,,,,,,,False,False,False,False,False,False,0,0,,,
,recorded_status_timeout,0.6813,paper_cfd80d8f0768,2026-05-03T20:02:59.795374+00:00,ETHUSDT,long,RANGING,NEW_YORK,BREAKOUT,near_resistance,SECONDARY_SIGNAL,,,,,,,,,,,,False,False,False,False,False,False,0,0,,,
,recorded_status_timeout,0.4104,paper_9d0959333eaa,2026-05-03T20:03:04.362777+00:00,AVAXUSDT,long,RANGING,NEW_YORK,CHOPPY_RANGE,premium_zone,SECONDARY_SIGNAL,,,,,,,,,,,,True,True,True,False,False,False,3,0,,,
0,recorded_status_sl,-1.0,paper_761736d12cde,2026-05-03T21:09:23.924277+00:00,ETHUSDT,short,RANGING,NEW_YORK,EXHAUSTION,premium_zone,MAIN_SIGNAL,,,,,,,,,,,,True,False,False,False,False,False,1,0,,,
0,recorded_status_sl,-1.0,paper_6625a749995c,2026-05-03T21:09:24.731412+00:00,SOLUSDT,short,TRENDING,NEW_YORK,PULLBACK,premium_zone,MAIN_SIGNAL,,,,,,,,,,,,False,False,False,False,False,False,0,0,,,
1,recorded_status_tp,1.5,paper_5e7adc183cfe,2026-05-03T21:32:25.147336+00:00,DOTUSDT,long,TRENDING,NEW_YORK,BREAKOUT,mid_range,SECONDARY_SIGNAL,,,,,,,,,,,,True,False,False,False,False,False,1,0,,,
0,recorded_status_sl,-1.0,paper_ba0155acfc12,2026-05-03T21:32:35.893221+00:00,UNIUSDT,short,RANGING,NEW_YORK,CHOPPY_RANGE,premium_zone,MAIN_SIGNAL,,,,,,,,,,,,False,False,True,False,False,False,1,0,,,
0,recorded_status_sl,-1.0,paper_5b11b8734db4,2026-05-03T21:32:36.725503+00:00,ETCUSDT,short,RANGING,NEW_YORK,CHOPPY_RANGE,premium_zone,MAIN_SIGNAL,,,,,,,,,,,,True,True,True,False,False,False,3,0,,,
,missing_price_path,,paper_9551b8ea4490,2026-05-03T21:32:39.779548+00:00,FTMUSDT,long,HIGH_VOLATILITY,ASIA,PULLBACK,near_support,MAIN_SIGNAL,,,,,,,,,,,,True,False,False,False,False,False,1,0,,,
0,recorded_status_sl,-1.0,paper_18fa8219a378,2026-05-03T21:32:43.208675+00:00,SANDUSDT,short,TRENDING,NEW_YORK,PULLBACK,premium_zone,MAIN_SIGNAL,,,,,,,,,,,,False,False,False,False,False,False,0,0,,,
,missing_price_path,,paper_c2a7427b5ef2,2026-05-03T21:32:43.883684+00:00,MANAUSDT,short,TRENDING,NEW_YORK,BREAKOUT,near_support,SECONDARY_SIGNAL,,,,,,,,,,,,False,False,False,False,False,False,0,0,,,
0,recorded_status_sl,-1.0,paper_52df9213dbae,2026-05-03T21:32:44.888096+00:00,APEUSDT,long,HIGH_VOLATILITY,NEW_YORK,BREAKOUT,near_support,MAIN_SIGNAL,,,,,,,,,,,,False,False,False,False,False,False,0,0,,,
,missing_price_path,,live_c719f8234807,2026-05-03T21:32:48.922905+00:00,TAOUSDT,long,HIGH_VOLATILITY,NEW_YORK,BREAKOUT,near_resistance,SECONDARY_SIGNAL,,,,,,,,,,,,False,False,False,False,False,False,0,0,,,
,missing_price_path,,paper_8695c459ec94,2026-05-03T21:32:48.923600+00:00,TAOUSDT,long,HIGH_VOLATILITY,NEW_YORK,BREAKOUT,near_resistance,SECONDARY_SIGNAL,,,,,,,,,,,,False,False,False,False,False,False,0,0,,,
,missing_required_data,,,2026-05-03T22:03:50.611455+00:00,DOGEUSDT,short,TRENDING,,BREAKOUT,,,,,,,,,,,,,,False,False,False,False,False,False,0,0,,,
,missing_required_data,,,2026-05-03T22:03:51.421154+00:00,AVAXUSDT,short,TRENDING,,PULLBACK,,,,,,,,,,,,,,False,False,False,False,False,False,0,0,,,
,missing_required_data,,,2026-05-03T22:03:52.491585+00:00,ADAUSDT,short,RANGING,,BREAKOUT,,,,,,,,,,,,,,False,False,False,False,False,False,0,0,,,
,missing_required_data,,,2026-05-03T22:03:56.892928+00:00,NEARUSDT,short,TRENDING,,PULLBACK,,,,,,,,,,,,,,False,False,False,False,False,False,0,0,,,
0,recorded_status_sl,-1.0,paper_0e98126cf137,2026-05-03T22:04:00.287137+00:00,ATOMUSDT,short,RANGING,NEW_YORK,CHOPPY_RANGE,mid_range,SECONDARY_SIGNAL,,,,,,,,,,,,False,False,True,False,False,False,1,0,,,
,missing_price_path,,paper_9ce2ecd24c06,2026-05-03T22:04:02.004560+00:00,INJUSDT,short,HIGH_VOLATILITY,NEW_YORK,BREAKOUT,discount_zone,SECONDARY_SIGNAL,,,,,,,,,,,,True,False,False,False,False,False,1,0,,,
0,recorded_status_sl,-1.0,paper_b1367e894fdb,2026-05-03T22:04:03.546962+00:00,SUIUSDT,short,TRENDING,NEW_YORK,BREAKOUT,mid_range,SECONDARY_SIGNAL,,,,,,,,,,,,False,False,False,False,False,False,0,0,,,
0,recorded_status_sl,-1.0,live_fd924d88740f,2026-05-03T22:04:08.780604+00:00,ICPUSDT,short,RANGING,NEW_YORK,BREAKOUT,near_support,SECONDARY_SIGNAL,,,,,,,,,,,,False,False,False,False,False,False,0,0,,,
0,recorded_status_sl,-1.0,paper_144552f73407,2026-05-03T22:04:08.781203+00:00,ICPUSDT,short,RANGING,NEW_YORK,BREAKOUT,near_support,SECONDARY_SIGNAL,,,,,,,,,,,,False,False,False,False,False,False,0,0,,,
,missing_required_data,,,2026-05-03T22:04:14.463756+00:00,MANAUSDT,short,TRENDING,,BREAKOUT,,,,,,,,,,,,,,False,False,False,False,False,False,0,0,,,
,missing_price_path,,live_87e6d7c41019,2026-05-03T22:04:14.495927+00:00,MANAUSDT,short,TRENDING,NEW_YORK,BREAKOUT,near_support,SECONDARY_SIGNAL,,,,,,,,,,,,False,False,False,False,False,False,0,0,,,
,missing_price_path,,paper_3f9347f376ea,2026-05-03T22:04:14.496437+00:00,MANAUSDT,short,TRENDING,NEW_YORK,BREAKOUT,near_support,SECONDARY_SIGNAL,,,,,,,,,,,,False,False,False,False,False,False,0,0,,,
,missing_required_data,,,2026-05-03T22:04:15.999514+00:00,PEPEUSDT,short,LOW_VOLATILITY,,BREAKOUT,,,,,,,,,,,,,,False,False,False,False,False,False,0,0,,,
0,recorded_status_sl,-1.0,paper_3e2e395fa307,2026-05-04T08:57:05.981783+00:00,TRXUSDT,short,RANGING,LONDON,CHOPPY_RANGE,near_resistance,MAIN_SIGNAL,,,,,,,,,,,,True,False,False,False,False,False,1,0,,,
1,recorded_status_tp,2.951,paper_60d54e32edf8,2026-05-04T08:57:13.788292+00:00,INJUSDT,short,HIGH_VOLATILITY,LONDON,PULLBACK,near_resistance,MAIN_SIGNAL,,,,,,,,,,,,True,False,False,False,False,False,1,0,,,
,recorded_status_timeout,1.0,paper_dfaabddaca9f,2026-05-04T11:58:41.919637+00:00,BTCUSDT,long,RANGING,LONDON,BREAKOUT,discount_zone,MAIN_SIGNAL,,,,,,,,,,,,False,False,False,False,False,False,0,0,,,
,missing_required_data,,,2026-05-04T11:58:43.293501+00:00,ETHUSDT,short,HIGH_VOLATILITY,,BREAKOUT,,,,,,,,,,,,,,False,False,False,False,False,False,0,0,,,
,recorded_status_timeout,-0.1795,paper_3b6bbdf6fe27,2026-05-04T11:58:43.328517+00:00,ETHUSDT,short,HIGH_VOLATILITY,LONDON,BREAKOUT,discount_zone,SECONDARY_SIGNAL,,,,,,,,,,,,True,False,False,False,False,False,1,0,,,
,recorded_status_timeout,1.0,paper_28fabf15fceb,2026-05-04T11:58:44.107222+00:00,SOLUSDT,long,HIGH_VOLATILITY,LONDON,BREAKOUT,discount_zone,MAIN_SIGNAL,,,,,,,,,,,,True,False,False,False,False,False,1,0,,,
,missing_required_data,,,2026-05-04T11:58:46.323821+00:00,DOGEUSDT,short,HIGH_VOLATILITY,,BREAKOUT,,,,,,,,,,,,,,False,False,False,False,False,False,0,0,,,
,recorded_status_timeout,-0.21,paper_e7ca9f6c80dc,2026-05-04T11:58:46.348655+00:00,DOGEUSDT,short,HIGH_VOLATILITY,LONDON,BREAKOUT,mid_range,SECONDARY_SIGNAL,,,,,,,,,,,,True,False,False,False,False,False,1,0,,,
,missing_required_data,,,2026-05-04T12:01:37.324225+00:00,BCHUSDT,short,TRENDING,,PULLBACK,,,,,,,,,,,,,,False,False,False,False,False,False,0,0,,,
,missing_price_path,,paper_e9f6a1a0d741,2026-05-04T12:01:41.521155+00:00,ARBUSDT,long,HIGH_VOLATILITY,LONDON,PULLBACK,near_support,MAIN_SIGNAL,,,,,,,,,,,,True,False,False,False,False,False,1,0,,,
,missing_required_data,,,2026-05-04T12:06:36.019733+00:00,BTCUSDT,long,RANGING,,,,,,,,,,,,,,,,False,False,False,False,False,False,0,0,,,
,missing_required_data,,,2026-05-04T12:06:40.549540+00:00,AVAXUSDT,long,HIGH_VOLATILITY,,,,,,,,,,,,,,,,False,False,False,False,False,False,0,0,,,
,missing_required_data,,,2026-05-04T12:06:42.980050+00:00,DOTUSDT,long,HIGH_VOLATILITY,,,,,,,,,,,,,,,,False,False,False,False,False,False,0,0,,,
,missing_required_data,,,2026-05-04T12:06:43.668874+00:00,TRXUSDT,long,RANGING,,,,,,,,,,,,,,,,False,False,False,False,False,False,0,0,,,
,missing_required_data,,,2026-05-04T12:06:45.228873+00:00,BCHUSDT,short,TRENDING,,,,,,,,,,,,,,,,False,False,False,False,False,False,0,0,,,
,missing_required_data,,,2026-05-04T12:06:45.920711+00:00,UNIUSDT,long,HIGH_VOLATILITY,,,,,,,,,,,,,,,,False,False,False,False,False,False,0,0,,,
,missing_required_data,,,2026-05-04T12:06:46.640464+00:00,ATOMUSDT,long,HIGH_VOLATILITY,,,,,,,,,,,,,,,,False,False,False,False,False,False,0,0,,,
,missing_required_data,,,2026-05-04T12:06:51.806131+00:00,AAVEUSDT,long,HIGH_VOLATILITY,,,,,,,,,,,,,,,,False,False,False,False,False,False,0,0,,,
,missing_required_data,,,2026-05-04T12:06:53.408460+00:00,SEIUSDT,long,HIGH_VOLATILITY,,,,,,,,,,,,,,,,False,False,False,False,False,False,0,0,,,
,missing_required_data,,,2026-05-04T12:06:57.093832+00:00,PEPEUSDT,long,LOW_VOLATILITY,,,,,,,,,,,,,,,,False,False,False,False,False,False,0,0,,,
,missing_required_data,,,2026-05-04T12:06:59.166092+00:00,RUNEUSDT,long,HIGH_VOLATILITY,,,,,,,,,,,,,,,,False,False,False,False,False,False,0,0,,,
,missing_required_data,,,2026-05-04T12:07:02.854443+00:00,ETCUSDT,long,HIGH_VOLATILITY,,,,,,,,,,,,,,,,False,False,False,False,False,False,0,0,,,
,missing_required_data,,,2026-05-04T12:07:04.383946+00:00,ALGOUSDT,long,HIGH_VOLATILITY,,,,,,,,,,,,,,,,False,False,False,False,False,False,0,0,,,
,missing_required_data,,,2026-05-04T15:39:53.615983+00:00,BTCUSDT,long,HIGH_VOLATILITY,,,,,,,,,,,,,,,,False,False,False,False,False,False,0,0,,,
0,recorded_status_sl,-1.0,live_efd7ae349e3f,2026-05-04T15:39:54.864055+00:00,BTCUSDT,long,HIGH_VOLATILITY,OVERLAP,BREAKOUT,near_resistance,SECONDARY_SIGNAL,,,,,,,,,,,,False,False,False,False,False,False,1,0,,,
,missing_required_data,,,2026-05-04T15:39:55.679365+00:00,ETHUSDT,long,HIGH_VOLATILITY,,,,,,,,,,,,,,,,False,False,False,False,False,False,0,0,,,
0,recorded_status_sl,-1.0,live_102ed603d427,2026-05-04T15:39:56.744863+00:00,ETHUSDT,long,HIGH_VOLATILITY,OVERLAP,BREAKOUT,premium_zone,SECONDARY_SIGNAL,,,,,,,,,,,,False,False,False,False,False,False,0,0,,,
0,recorded_status_sl,-1.0,paper_97ee20e661cc,2026-05-04T15:39:56.748001+00:00,ETHUSDT,long,HIGH_VOLATILITY,OVERLAP,BREAKOUT,premium_zone,SECONDARY_SIGNAL,,,,,,,,,,,,False,False,False,False,False,False,0,0,,,
,missing_required_data,,,2026-05-04T15:39:57.542352+00:00,SOLUSDT,long,HIGH_VOLATILITY,,,,,,,,,,,,,,,,False,False,False,False,False,False,0,0,,,
,missing_required_data,,,2026-05-04T15:39:58.437836+00:00,XRPUSDT,long,HIGH_VOLATILITY,,,,,,,,,,,,,,,,False,False,False,False,False,False,0,0,,,
,missing_required_data,,,2026-05-04T15:39:59.189373+00:00,BNBUSDT,long,RANGING,,,,,,,,,,,,,,,,False,False,False,False,False,False,0,0,,,
,missing_required_data,,,2026-05-04T15:40:01.864421+00:00,DOGEUSDT,long,HIGH_VOLATILITY,,,,,,,,,,,,,,,,False,False,False,False,False,False,0,0,,,
,missing_required_data,,,2026-05-04T15:40:03.910275+00:00,AVAXUSDT,long,HIGH_VOLATILITY,,,,,,,,,,,,,,,,False,False,False,False,False,False,0,0,,,
,missing_required_data,,,2026-05-04T16:10:59.062089+00:00,ETHUSDT,long,HIGH_VOLATILITY,,,,,,,,,,,,,,,,False,False,False,False,False,False,0,0,,,
,missing_required_data,,,2026-05-04T16:11:00.278933+00:00,SOLUSDT,long,HIGH_VOLATILITY,,,,,,,,,,,,,,,,False,False,False,False,False,False,0,0,,,
,missing_required_data,,,2026-05-04T16:11:01.011143+00:00,XRPUSDT,long,HIGH_VOLATILITY,,,,,,,,,,,,,,,,False,False,False,False,False,False,0,0,,,
,missing_required_data,,,2026-05-04T16:11:03.181585+00:00,DOGEUSDT,long,HIGH_VOLATILITY,,,,,,,,,,,,,,,,False,False,False,False,False,False,0,0,,,
,missing_required_data,,,2026-05-04T20:47:04.438084+00:00,ETHUSDT,long,HIGH_VOLATILITY,,,,,,,,,,,,,,,,False,False,False,False,False,False,0,0,,,
,missing_required_data,,,2026-05-04T20:47:07.606183+00:00,BNBUSDT,long,TRENDING,,,,,,,,,,,,,,,,False,False,False,False,False,False,0,0,,,
,missing_required_data,,,2026-05-04T20:47:08.440751+00:00,DOGEUSDT,long,HIGH_VOLATILITY,,,,,,,,,,,,,,,,False,False,False,False,False,False,0,0,,,
,missing_required_data,,,2026-05-04T21:02:10.354246+00:00,BTCUSDT,long,HIGH_VOLATILITY,,,,,,,,,,,,,,,,False,False,False,False,False,False,0,0,,,
,missing_required_data,,,2026-05-04T21:02:11.682534+00:00,ETHUSDT,long,HIGH_VOLATILITY,,,,,,,,,,,,,,,,False,False,False,False,False,False,0,0,,,
,missing_required_data,,,2026-05-04T21:02:12.420009+00:00,SOLUSDT,long,HIGH_VOLATILITY,,,,,,,,,,,,,,,,False,False,False,False,False,False,0,0,,,
,missing_required_data,,,2026-05-04T21:02:13.137048+00:00,XRPUSDT,long,HIGH_VOLATILITY,,,,,,,,,,,,,,,,False,False,False,False,False,False,0,0,,,
,missing_required_data,,,2026-05-04T21:02:14.836404+00:00,DOGEUSDT,long,HIGH_VOLATILITY,,,,,,,,,,,,,,,,False,False,False,False,False,False,0,0,,,
,missing_required_data,,,2026-05-04T21:02:15.674618+00:00,AVAXUSDT,long,HIGH_VOLATILITY,,,,,,,,,,,,,,,,False,False,False,False,False,False,0,0,,,
,missing_required_data,,,2026-05-04T21:05:16.843683+00:00,BTCUSDT,long,HIGH_VOLATILITY,,,,,,,,,,,,,,,,False,False,False,False,False,False,0,0,,,
,missing_required_data,,,2026-05-04T21:05:17.740737+00:00,ETHUSDT,long,HIGH_VOLATILITY,,,,,,,,,,,,,,,,False,False,False,False,False,False,0,0,,,
,missing_required_data,,,2026-05-04T21:05:18.953464+00:00,SOLUSDT,long,HIGH_VOLATILITY,,,,,,,,,,,,,,,,False,False,False,False,False,False,0,0,,,
,missing_required_data,,,2026-05-04T21:05:19.735213+00:00,XRPUSDT,long,HIGH_VOLATILITY,,,,,,,,,,,,,,,,False,False,False,False,False,False,0,0,,,
,missing_required_data,,,2026-05-04T21:05:21.300078+00:00,DOGEUSDT,long,HIGH_VOLATILITY,,,,,,,,,,,,,,,,False,False,False,False,False,False,0,0,,,
,missing_required_data,,,2026-05-04T21:05:22.113686+00:00,AVAXUSDT,long,HIGH_VOLATILITY,,,,,,,,,,,,,,,,False,False,False,False,False,False,0,0,,,
,missing_required_data,,,2026-05-04T21:05:23.329128+00:00,ADAUSDT,long,HIGH_VOLATILITY,,,,,,,,,,,,,,,,False,False,False,False,False,False,0,0,,,
,missing_required_data,,,2026-05-04T21:05:23.330248+00:00,ADAUSDT,long,HIGH_VOLATILITY,,,,,,,,,,,,,,,,False,False,False,False,False,False,0,0,,,
,missing_required_data,,,2026-05-04T21:05:24.139813+00:00,LINKUSDT,short,HIGH_VOLATILITY,,,,,,,,,,,,,,,,False,False,False,False,False,False,0,0,,,
,missing_required_data,,,2026-05-04T21:05:24.140699+00:00,LINKUSDT,short,HIGH_VOLATILITY,,,,,,,,,,,,,,,,False,False,False,False,False,False,0,0,,,
,missing_required_data,,,2026-05-04T21:05:24.875177+00:00,DOTUSDT,long,HIGH_VOLATILITY,,,,,,,,,,,,,,,,False,False,False,False,False,False,0,0,,,
,missing_required_data,,,2026-05-04T21:05:24.876303+00:00,DOTUSDT,long,HIGH_VOLATILITY,,,,,,,,,,,,,,,,False,False,False,False,False,False,0,0,,,
,missing_required_data,,,2026-05-04T21:05:28.684373+00:00,TRXUSDT,long,RANGING,,,,,,,,,,,,,,,,False,False,False,False,False,False,0,0,,,
,missing_required_data,,,2026-05-04T21:05:28.685485+00:00,TRXUSDT,long,RANGING,,,,,,,,,,,,,,,,False,False,False,False,False,False,0,0,,,
,missing_required_data,,,2026-05-04T21:05:29.881633+00:00,UNIUSDT,long,HIGH_VOLATILITY,,,,,,,,,,,,,,,,False,False,False,False,False,False,0,0,,,
,missing_required_data,,,2026-05-04T21:05:29.882782+00:00,UNIUSDT,long,HIGH_VOLATILITY,,,,,,,,,,,,,,,,False,False,False,False,False,False,0,0,,,
,missing_required_data,,,2026-05-04T21:05:33.361085+00:00,FILUSDT,long,HIGH_VOLATILITY,,,,,,,,,,,,,,,,False,False,False,False,False,False,0,0,,,
,missing_required_data,,,2026-05-04T21:05:33.362273+00:00,FILUSDT,long,HIGH_VOLATILITY,,,,,,,,,,,,,,,,False,False,False,False,False,False,0,0,,,
,missing_required_data,,,2026-05-04T21:05:35.146322+00:00,ARBUSDT,short,HIGH_VOLATILITY,,,,,,,,,,,,,,,,False,False,False,False,False,False,0,0,,,
,missing_required_data,,,2026-05-04T21:05:35.147501+00:00,ARBUSDT,short,HIGH_VOLATILITY,,,,,,,,,,,,,,,,False,False,False,False,False,False,0,0,,,
,missing_required_data,,,2026-05-04T21:05:36.035236+00:00,OPUSDT,long,HIGH_VOLATILITY,,,,,,,,,,,,,,,,False,False,False,False,False,False,0,0,,,
,missing_required_data,,,2026-05-04T21:05:36.036398+00:00,OPUSDT,long,HIGH_VOLATILITY,,,,,,,,,,,,,,,,False,False,False,False,False,False,0,0,,,
,missing_required_data,,,2026-05-04T21:05:37.065158+00:00,AAVEUSDT,short,HIGH_VOLATILITY,,,,,,,,,,,,,,,,False,False,False,False,False,False,0,0,,,
,missing_required_data,,,2026-05-04T21:05:37.066504+00:00,AAVEUSDT,short,HIGH_VOLATILITY,,,,,,,,,,,,,,,,False,False,False,False,False,False,0,0,,,
,missing_required_data,,,2026-05-04T21:05:37.965134+00:00,NEARUSDT,short,HIGH_VOLATILITY,,,,,,,,,,,,,,,,False,False,False,False,False,False,0,0,,,
,missing_required_data,,,2026-05-04T21:05:37.966549+00:00,NEARUSDT,short,HIGH_VOLATILITY,,,,,,,,,,,,,,,,False,False,False,False,False,False,0,0,,,
,missing_required_data,,,2026-05-04T21:05:41.067029+00:00,SUIUSDT,long,HIGH_VOLATILITY,,,,,,,,,,,,,,,,False,False,False,False,False,False,0,0,,,
,missing_required_data,,,2026-05-04T21:05:41.068225+00:00,SUIUSDT,long,HIGH_VOLATILITY,,,,,,,,,,,,,,,,False,False,False,False,False,False,0,0,,,
,missing_required_data,,,2026-05-04T21:05:43.224203+00:00,SEIUSDT,long,HIGH_VOLATILITY,,,,,,,,,,,,,,,,False,False,False,False,False,False,0,0,,,
,missing_required_data,,,2026-05-04T21:05:43.225442+00:00,SEIUSDT,long,HIGH_VOLATILITY,,,,,,,,,,,,,,,,False,False,False,False,False,False,0,0,,,
,missing_required_data,,,2026-05-04T21:05:45.119531+00:00,WIFUSDT,long,HIGH_VOLATILITY,,,,,,,,,,,,,,,,False,False,False,False,False,False,0,0,,,
,missing_required_data,,,2026-05-04T21:05:45.120550+00:00,WIFUSDT,long,HIGH_VOLATILITY,,,,,,,,,,,,,,,,False,False,False,False,False,False,0,0,,,
,missing_required_data,,,2026-05-04T21:05:47.022138+00:00,FETUSDT,long,HIGH_VOLATILITY,,,,,,,,,,,,,,,,False,False,False,False,False,False,0,0,,,
,missing_required_data,,,2026-05-04T21:05:47.023418+00:00,FETUSDT,long,HIGH_VOLATILITY,,,,,,,,,,,,,,,,False,False,False,False,False,False,0,0,,,
,missing_required_data,,,2026-05-04T21:05:48.041050+00:00,RENDERUSDT,long,HIGH_VOLATILITY,,,,,,,,,,,,,,,,False,False,False,False,False,False,0,0,,,
,missing_required_data,,,2026-05-04T21:05:48.042347+00:00,RENDERUSDT,long,HIGH_VOLATILITY,,,,,,,,,,,,,,,,False,False,False,False,False,False,0,0,,,
,missing_required_data,,,2026-05-04T21:05:48.928076+00:00,ARUSDT,short,HIGH_VOLATILITY,,BREAKOUT,,,,,,,,,,,,,,False,False,False,False,False,False,0,0,,,
,missing_required_data,,,2026-05-04T21:05:48.929174+00:00,ARUSDT,short,HIGH_VOLATILITY,,,,,,,,,,,,,,,,False,False,False,False,False,False,0,0,,,
,missing_required_data,,,2026-05-04T21:05:48.930363+00:00,ARUSDT,short,HIGH_VOLATILITY,,,,,,,,,,,,,,,,False,False,False,False,False,False,0,0,,,
,missing_required_data,,,2026-05-04T21:05:49.935761+00:00,SANDUSDT,long,HIGH_VOLATILITY,,,,,,,,,,,,,,,,False,False,False,False,False,False,0,0,,,
,missing_required_data,,,2026-05-04T21:05:49.937059+00:00,SANDUSDT,long,HIGH_VOLATILITY,,,,,,,,,,,,,,,,False,False,False,False,False,False,0,0,,,
,missing_required_data,,,2026-05-04T21:05:51.049577+00:00,GALAUSDT,short,HIGH_VOLATILITY,,,,,,,,,,,,,,,,False,False,False,False,False,False,0,0,,,
,missing_required_data,,,2026-05-04T21:05:51.050851+00:00,GALAUSDT,short,HIGH_VOLATILITY,,,,,,,,,,,,,,,,False,False,False,False,False,False,0,0,,,
,missing_required_data,,,2026-05-04T21:05:52.234981+00:00,MANAUSDT,short,HIGH_VOLATILITY,,,,,,,,,,,,,,,,False,False,False,False,False,False,0,0,,,
,missing_required_data,,,2026-05-04T21:05:52.236289+00:00,MANAUSDT,short,HIGH_VOLATILITY,,,,,,,,,,,,,,,,False,False,False,False,False,False,0,0,,,
,missing_required_data,,,2026-05-04T21:05:52.986257+00:00,ALGOUSDT,long,HIGH_VOLATILITY,,,,,,,,,,,,,,,,False,False,False,False,False,False,0,0,,,
,missing_required_data,,,2026-05-04T21:05:52.987691+00:00,ALGOUSDT,long,HIGH_VOLATILITY,,,,,,,,,,,,,,,,False,False,False,False,False,False,0,0,,,
,missing_required_data,,,2026-05-04T21:05:53.905042+00:00,ICPUSDT,long,HIGH_VOLATILITY,,,,,,,,,,,,,,,,False,False,False,False,False,False,0,0,,,
,missing_required_data,,,2026-05-04T21:05:53.906461+00:00,ICPUSDT,long,HIGH_VOLATILITY,,,,,,,,,,,,,,,,False,False,False,False,False,False,0,0,,,
,missing_required_data,,,2026-05-04T21:05:54.892069+00:00,HBARUSDT,short,RANGING,,,,,,,,,,,,,,,,False,False,False,False,False,False,0,0,,,
,missing_required_data,,,2026-05-04T21:05:54.893471+00:00,HBARUSDT,short,RANGING,,,,,,,,,,,,,,,,False,False,False,False,False,False,0,0,,,
,missing_required_data,,,2026-05-04T21:05:55.757083+00:00,ENAUSDT,short,HIGH_VOLATILITY,,,,,,,,,,,,,,,,False,False,False,False,False,False,0,0,,,
,missing_required_data,,,2026-05-04T21:05:55.758549+00:00,ENAUSDT,short,HIGH_VOLATILITY,,,,,,,,,,,,,,,,False,False,False,False,False,False,0,0,,,
,missing_required_data,,,2026-05-04T21:05:56.649287+00:00,JUPUSDT,long,HIGH_VOLATILITY,,,,,,,,,,,,,,,,False,False,False,False,False,False,0,0,,,
,missing_required_data,,,2026-05-04T21:05:56.650592+00:00,JUPUSDT,long,HIGH_VOLATILITY,,,,,,,,,,,,,,,,False,False,False,False,False,False,0,0,,,
,missing_required_data,,,2026-05-05T08:09:48.738340+00:00,BTCUSDT,long,TRENDING,,,,,,,,,,,,,,,,False,False,False,False,False,False,0,0,,,
,missing_required_data,,,2026-05-05T08:09:54.443176+00:00,DOGEUSDT,long,RANGING,,,,,,,,,,,,,,,,False,False,False,False,False,False,0,0,,,
0,recorded_status_sl,-1.0,paper_533b605e2755,2026-05-05T09:08:35.759240+00:00,BNBUSDT,short,TRENDING,LONDON,PULLBACK,near_resistance,MAIN_SIGNAL,,,,,,,,,,,,False,False,False,False,False,False,0,0,,,
,missing_required_data,,,2026-05-05T09:08:36.510848+00:00,DOGEUSDT,long,RANGING,,,,,,,,,,,,,,,,False,False,False,False,False,False,0,0,,,
,missing_required_data,,,2026-05-05T10:10:31.166359+00:00,BTCUSDT,long,TRENDING,,,,,,,,,,,,,,,,False,False,False,False,False,False,0,0,,,
,missing_required_data,,,2026-05-05T10:10:32.035394+00:00,ETHUSDT,long,RANGING,,,,,,,,,,,,,,,,False,False,False,False,False,False,0,0,,,
,missing_required_data,,,2026-05-05T10:10:33.979612+00:00,XRPUSDT,long,TRENDING,,,,,,,,,,,,,,,,False,False,False,False,False,False,0,0,,,
,missing_required_data,,,2026-05-05T10:10:35.490478+00:00,DOGEUSDT,long,RANGING,,,,,,,,,,,,,,,,False,False,False,False,False,False,0,0,,,
,missing_required_data,,,2026-05-05T11:13:50.502619+00:00,BTCUSDT,long,TRENDING,,,,,,,,,,,,,,,,False,False,False,False,False,False,0,0,,,
,missing_required_data,,,2026-05-05T11:13:51.501294+00:00,ETHUSDT,long,RANGING,,,,,,,,,,,,,,,,False,False,False,False,False,False,0,0,,,
,missing_required_data,,,2026-05-05T11:13:55.021836+00:00,DOGEUSDT,long,RANGING,,,,,,,,,,,,,,,,False,False,False,False,False,False,0,0,,,
,missing_required_data,,,2026-05-05T12:02:05.866150+00:00,BTCUSDT,long,TRENDING,,,,,,,,,,,,,,,,False,False,False,False,False,False,0,0,,,
1,recorded_status_tp,1.5,paper_94c6bf61c022,2026-05-05T12:02:09.639805+00:00,BNBUSDT,long,TRENDING,LONDON,BREAKOUT,near_resistance,MAIN_SIGNAL,,,,,,,,,,,,True,False,False,False,False,False,1,0,,,
,missing_price_path,,sig_5d7d56755d4c,2026-05-13T10:45:40.009466+00:00,BTCUSDT,long,HIGH_VOLATILITY,,PULLBACK,,MAIN_SIGNAL,100.0,bullish,bullish,true,40.1766,,1.007603,,,bullish_sweep,,False,False,False,False,False,False,0,0,,,
,missing_required_data,,sig_698017d35c66,2026-05-13T10:45:40.012268+00:00,BTCUSDT,short,LOW_VOLATILITY,,PULLBACK,,MAIN_SIGNAL,90.0,bearish,bearish,true,59.8234,,1.007603,,,bearish_sweep,,False,False,False,False,False,False,1,0,,,
,missing_required_data,,sig_781730d7ff21,2026-05-13T10:45:40.013471+00:00,ETHUSDT,short,LOW_VOLATILITY,,PULLBACK,,MAIN_SIGNAL,90.0,bearish,bearish,true,59.8234,,1.007603,,,bearish_sweep,,False,False,False,False,False,False,1,0,,,
,missing_price_path,,sig_09e1dbbe4963,2026-05-13T10:45:40.028633+00:00,BTCUSDT,long,HIGH_VOLATILITY,,PULLBACK,,MAIN_SIGNAL,100.0,bullish,bullish,true,40.1766,,1.007603,,,bullish_sweep,,False,False,False,False,False,False,0,0,,,
,missing_price_path,,sig_33657c6ec74c,2026-05-15T09:19:25.018331+00:00,BTCUSDT,long,HIGH_VOLATILITY,,PULLBACK,,MAIN_SIGNAL,100.0,bullish,bullish,true,40.1766,,1.007603,,,bullish_sweep,,False,False,False,False,False,False,0,0,,,
,missing_required_data,,sig_d8ee4020cfa9,2026-05-15T09:19:25.021217+00:00,BTCUSDT,short,LOW_VOLATILITY,,PULLBACK,,MAIN_SIGNAL,90.0,bearish,bearish,true,59.8234,,1.007603,,,bearish_sweep,,False,False,False,False,False,False,1,0,,,
,missing_required_data,,sig_b7c8dc15f9a2,2026-05-15T09:19:25.022427+00:00,ETHUSDT,short,LOW_VOLATILITY,,PULLBACK,,MAIN_SIGNAL,90.0,bearish,bearish,true,59.8234,,1.007603,,,bearish_sweep,,False,False,False,False,False,False,1,0,,,
,missing_price_path,,sig_a358c46fdf1c,2026-05-15T09:19:25.037358+00:00,BTCUSDT,long,HIGH_VOLATILITY,,PULLBACK,,MAIN_SIGNAL,100.0,bullish,bullish,true,40.1766,,1.007603,,,bullish_sweep,,False,False,False,False,False,False,0,0,,,
,missing_price_path,,sig_5f7a61933413,2026-05-18T11:46:44.615379+00:00,BTCUSDT,long,HIGH_VOLATILITY,,PULLBACK,,MAIN_SIGNAL,100.0,bullish,bullish,true,40.1766,,1.007603,,,bullish_sweep,,False,False,False,False,False,False,0,0,,,
,missing_required_data,,sig_7600a0dd7284,2026-05-18T11:46:44.618364+00:00,BTCUSDT,short,LOW_VOLATILITY,,PULLBACK,,MAIN_SIGNAL,90.0,bearish,bearish,true,59.8234,,1.007603,,,bearish_sweep,,False,False,False,False,False,False,1,0,,,
,missing_required_data,,sig_c5bc12972585,2026-05-18T11:46:44.619546+00:00,ETHUSDT,short,LOW_VOLATILITY,,PULLBACK,,MAIN_SIGNAL,90.0,bearish,bearish,true,59.8234,,1.007603,,,bearish_sweep,,False,False,False,False,False,False,1,0,,,
,missing_price_path,,sig_866bbeb010b8,2026-05-18T11:46:44.634339+00:00,BTCUSDT,long,HIGH_VOLATILITY,,PULLBACK,,MAIN_SIGNAL,100.0,bullish,bullish,true,40.1766,,1.007603,,,bullish_sweep,,False,False,False,False,False,False,0,0,,,
,missing_price_path,,sig_70d343691dbf,2026-05-18T11:47:00.664257+00:00,BTCUSDT,long,HIGH_VOLATILITY,,PULLBACK,,MAIN_SIGNAL,100.0,bullish,bullish,true,40.1766,,1.007603,,,bullish_sweep,,False,False,False,False,False,False,0,0,,,
,missing_required_data,,sig_71cd0901bf16,2026-05-18T11:47:00.667028+00:00,BTCUSDT,short,LOW_VOLATILITY,,PULLBACK,,MAIN_SIGNAL,90.0,bearish,bearish,true,59.8234,,1.007603,,,bearish_sweep,,False,False,False,False,False,False,1,0,,,
,missing_required_data,,sig_c20a73cc4e09,2026-05-18T11:47:00.668353+00:00,ETHUSDT,short,LOW_VOLATILITY,,PULLBACK,,MAIN_SIGNAL,90.0,bearish,bearish,true,59.8234,,1.007603,,,bearish_sweep,,False,False,False,False,False,False,1,0,,,
,missing_price_path,,sig_097bde9f0005,2026-05-18T11:47:00.683401+00:00,BTCUSDT,long,HIGH_VOLATILITY,,PULLBACK,,MAIN_SIGNAL,100.0,bullish,bullish,true,40.1766,,1.007603,,,bullish_sweep,,False,False,False,False,False,False,0,0,,,
,missing_price_path,,sig_61419fc71e0a,2026-05-18T11:51:36.863401+00:00,BTCUSDT,long,HIGH_VOLATILITY,,PULLBACK,,MAIN_SIGNAL,100.0,bullish,bullish,true,40.1766,,1.007603,,,bullish_sweep,,False,False,False,False,False,False,0,0,,,
,missing_required_data,,sig_1762e6561375,2026-05-18T11:51:36.866235+00:00,BTCUSDT,short,LOW_VOLATILITY,,PULLBACK,,MAIN_SIGNAL,90.0,bearish,bearish,true,59.8234,,1.007603,,,bearish_sweep,,False,False,False,False,False,False,1,0,,,
,missing_required_data,,sig_0314ad45b603,2026-05-18T11:51:36.867463+00:00,ETHUSDT,short,LOW_VOLATILITY,,PULLBACK,,MAIN_SIGNAL,90.0,bearish,bearish,true,59.8234,,1.007603,,,bearish_sweep,,False,False,False,False,False,False,1,0,,,
,missing_price_path,,sig_2f2cdb74b9f1,2026-05-18T11:51:36.882610+00:00,BTCUSDT,long,HIGH_VOLATILITY,,PULLBACK,,MAIN_SIGNAL,100.0,bullish,bullish,true,40.1766,,1.007603,,,bullish_sweep,,False,False,False,False,False,False,0,0,,,
,missing_price_path,,sig_0b871f738554,2026-05-18T11:55:36.397696+00:00,BTCUSDT,long,HIGH_VOLATILITY,,PULLBACK,,MAIN_SIGNAL,100.0,bullish,bullish,true,40.1766,,1.007603,,,bullish_sweep,,False,False,False,False,False,False,0,0,,,
,missing_required_data,,sig_fb030fe10980,2026-05-18T11:55:36.400488+00:00,BTCUSDT,short,LOW_VOLATILITY,,PULLBACK,,MAIN_SIGNAL,90.0,bearish,bearish,true,59.8234,,1.007603,,,bearish_sweep,,False,False,False,False,False,False,1,0,,,
,missing_required_data,,sig_b363352d404c,2026-05-18T11:55:36.401694+00:00,ETHUSDT,short,LOW_VOLATILITY,,PULLBACK,,MAIN_SIGNAL,90.0,bearish,bearish,true,59.8234,,1.007603,,,bearish_sweep,,False,False,False,False,False,False,1,0,,,
,missing_price_path,,sig_ea70b0a64fde,2026-05-18T11:55:36.416906+00:00,BTCUSDT,long,HIGH_VOLATILITY,,PULLBACK,,MAIN_SIGNAL,100.0,bullish,bullish,true,40.1766,,1.007603,,,bullish_sweep,,False,False,False,False,False,False,0,0,,,
,missing_price_path,,sig_376c054e79a9,2026-05-18T12:19:10.044919+00:00,BTCUSDT,long,HIGH_VOLATILITY,,PULLBACK,,MAIN_SIGNAL,100.0,bullish,bullish,true,40.1766,,1.007603,,,bullish_sweep,,False,False,False,False,False,False,0,0,,,
,missing_required_data,,sig_b816f078ebed,2026-05-18T12:19:10.048769+00:00,BTCUSDT,short,LOW_VOLATILITY,,PULLBACK,,MAIN_SIGNAL,90.0,bearish,bearish,true,59.8234,,1.007603,,,bearish_sweep,,False,False,False,False,False,False,1,0,,,
,missing_required_data,,sig_acee7ce451fa,2026-05-18T12:19:10.050098+00:00,ETHUSDT,short,LOW_VOLATILITY,,PULLBACK,,MAIN_SIGNAL,90.0,bearish,bearish,true,59.8234,,1.007603,,,bearish_sweep,,False,False,False,False,False,False,1,0,,,
,missing_price_path,,sig_08b4bcd649fc,2026-05-18T12:19:10.065360+00:00,BTCUSDT,long,HIGH_VOLATILITY,,PULLBACK,,MAIN_SIGNAL,100.0,bullish,bullish,true,40.1766,,1.007603,,,bullish_sweep,,False,False,False,False,False,False,0,0,,,
,missing_required_data,,,2026-05-18T12:21:05.799305+00:00,BTCUSDT,long,RANGING,,BREAKOUT,,SECONDARY_SIGNAL,50.0,bearish,bearish,true,30.628561,,1.194096,,,none,,True,False,False,True,False,True,1,6,,,
,missing_price_path,,paper_c240f47bac3f,2026-05-18T12:21:05.950969+00:00,BTCUSDT,long,RANGING,LONDON,BREAKOUT,mid_range,SECONDARY_SIGNAL,50.0,bearish,bearish,true,30.628561,,1.194096,,,none,,True,False,False,True,False,True,1,6,,,
,missing_required_data,,sig_ef43e0db8f1b,2026-05-18T12:21:05.952428+00:00,BTCUSDT,long,RANGING,,BREAKOUT,,SECONDARY_SIGNAL,50.0,bearish,bearish,true,30.628561,,1.194096,,,none,,True,False,False,True,False,True,1,6,,,
,missing_required_data,,,2026-05-18T12:21:06.708773+00:00,ETHUSDT,long,HIGH_VOLATILITY,,BREAKOUT,,SECONDARY_SIGNAL,55.0,bearish,bearish,true,26.617136,,,,,none,,True,False,False,True,False,True,1,6,,,
,missing_required_data,,sig_fba1e240961f,2026-05-18T12:21:06.744645+00:00,ETHUSDT,long,HIGH_VOLATILITY,,BREAKOUT,,SECONDARY_SIGNAL,55.0,bearish,bearish,true,26.617136,,,,,none,,True,False,False,True,False,True,1,6,,,
,missing_required_data,,,2026-05-18T12:21:07.510733+00:00,SOLUSDT,short,HIGH_VOLATILITY,,EXHAUSTION,,NO_SIGNAL,65.0,bearish,bearish,true,,,1.196649,,,none,,False,False,False,True,False,True,0,4,,,
,missing_required_data,,sig_f196e3b69617,2026-05-18T12:21:07.537218+00:00,SOLUSDT,short,HIGH_VOLATILITY,,EXHAUSTION,,NO_SIGNAL,65.0,bearish,bearish,true,,,1.196649,,,none,,False,False,False,True,False,True,0,4,,,
,missing_required_data,,,2026-05-18T12:21:08.255111+00:00,XRPUSDT,short,HIGH_VOLATILITY,,EXHAUSTION,,NO_SIGNAL,40.0,bearish,bearish,true,,,1.011433,,,none,,False,False,False,True,False,True,0,6,,,
,missing_required_data,,sig_a83d506f9181,2026-05-18T12:21:08.284220+00:00,XRPUSDT,short,HIGH_VOLATILITY,,EXHAUSTION,,NO_SIGNAL,40.0,bearish,bearish,true,,,1.011433,,,none,,False,False,False,True,False,True,0,6,,,
,missing_required_data,,,2026-05-18T12:21:09.121424+00:00,BNBUSDT,short,TRENDING,,EXHAUSTION,,NO_SIGNAL,70.0,bearish,bearish,true,,,0.83816,,,none,,False,False,False,False,False,True,0,4,,,
,missing_required_data,,sig_04ba5641c8fc,2026-05-18T12:21:09.146289+00:00,BNBUSDT,short,TRENDING,,EXHAUSTION,,NO_SIGNAL,70.0,bearish,bearish,true,,,0.83816,,,none,,False,False,False,False,False,True,0,4,,,
,missing_required_data,,,2026-05-18T12:21:10.051665+00:00,DOGEUSDT,short,HIGH_VOLATILITY,,EXHAUSTION,,NO_SIGNAL,40.0,bearish,bearish,true,,,1.148514,,,none,,False,False,False,True,False,True,0,6,,,
,missing_required_data,,sig_848ec5066fa1,2026-05-18T12:21:10.093613+00:00,DOGEUSDT,short,HIGH_VOLATILITY,,EXHAUSTION,,NO_SIGNAL,40.0,bearish,bearish,true,,,1.148514,,,none,,False,False,False,True,False,True,0,6,,,
,missing_required_data,,,2026-05-18T12:21:10.973461+00:00,AVAXUSDT,short,HIGH_VOLATILITY,,CHOPPY_RANGE,,NO_SIGNAL,65.0,bearish,bearish,true,,,0.875036,,,none,,False,False,True,True,False,True,1,4,,,
,missing_required_data,,sig_d3296a91a59b,2026-05-18T12:21:11.012082+00:00,AVAXUSDT,short,HIGH_VOLATILITY,,CHOPPY_RANGE,,NO_SIGNAL,65.0,bearish,bearish,true,,,0.875036,,,none,,False,False,True,True,False,True,1,4,,,
,missing_required_data,,sig_1721373269c1,2026-05-18T12:36:17.027265+00:00,BTCUSDT,long,RANGING,,BREAKOUT,,SECONDARY_SIGNAL,50.0,bearish,bearish,true,30.628561,,1.194096,,,none,,True,False,False,True,False,True,1,6,,,
,missing_required_data,,sig_4dab0b7e2add,2026-05-18T12:36:17.761804+00:00,ETHUSDT,long,HIGH_VOLATILITY,,BREAKOUT,,SECONDARY_SIGNAL,55.0,bearish,bearish,true,26.617136,,,,,none,,True,False,False,True,False,True,1,6,,,
,missing_required_data,,sig_d449f98c93b6,2026-05-18T12:36:18.542574+00:00,SOLUSDT,short,HIGH_VOLATILITY,,EXHAUSTION,,NO_SIGNAL,65.0,bearish,bearish,true,,,1.196649,,,none,,False,False,False,True,False,True,0,4,,,
,missing_required_data,,sig_8d0b9df7f8a0,2026-05-18T12:36:19.482146+00:00,XRPUSDT,short,HIGH_VOLATILITY,,EXHAUSTION,,NO_SIGNAL,40.0,bearish,bearish,true,,,1.011433,,,none,,False,False,False,True,False,True,0,6,,,
,missing_required_data,,sig_1b2a4218fcbd,2026-05-18T12:36:20.328579+00:00,BNBUSDT,short,TRENDING,,EXHAUSTION,,NO_SIGNAL,70.0,bearish,bearish,true,,,0.83816,,,none,,False,False,False,False,False,True,0,4,,,
,missing_required_data,,sig_db2d2f661f49,2026-05-18T12:36:21.342032+00:00,DOGEUSDT,short,HIGH_VOLATILITY,,EXHAUSTION,,NO_SIGNAL,40.0,bearish,bearish,true,,,1.148514,,,none,,False,False,False,True,False,True,0,6,,,
,missing_required_data,,sig_81192711e7e0,2026-05-18T12:36:22.179708+00:00,AVAXUSDT,short,HIGH_VOLATILITY,,CHOPPY_RANGE,,NO_SIGNAL,65.0,bearish,bearish,true,,,0.875036,,,none,,False,False,True,True,False,True,1,4,,,
,missing_required_data,,sig_394dded52ea5,2026-05-18T12:51:28.347054+00:00,BTCUSDT,long,RANGING,,BREAKOUT,,SECONDARY_SIGNAL,50.0,bearish,bearish,true,30.628561,,1.194096,,,none,,True,False,False,True,False,True,1,6,,,
,missing_required_data,,sig_e31cfa78ec00,2026-05-18T12:51:29.041518+00:00,ETHUSDT,long,HIGH_VOLATILITY,,BREAKOUT,,SECONDARY_SIGNAL,55.0,bearish,bearish,true,26.617136,,,,,none,,True,False,False,True,False,True,1,6,,,
,missing_required_data,,sig_d47b86556784,2026-05-18T12:51:30.236440+00:00,SOLUSDT,short,HIGH_VOLATILITY,,EXHAUSTION,,NO_SIGNAL,65.0,bearish,bearish,true,,,1.196649,,,none,,False,False,False,True,False,True,0,4,,,
,missing_required_data,,sig_847c99a6d076,2026-05-18T12:51:31.363361+00:00,XRPUSDT,short,HIGH_VOLATILITY,,EXHAUSTION,,NO_SIGNAL,40.0,bearish,bearish,true,,,1.011433,,,none,,False,False,False,True,False,True,0,6,,,
,missing_required_data,,sig_ca06aef7aca8,2026-05-18T12:51:32.136916+00:00,BNBUSDT,short,TRENDING,,EXHAUSTION,,NO_SIGNAL,70.0,bearish,bearish,true,,,0.83816,,,none,,False,False,False,False,False,True,0,4,,,
,missing_required_data,,sig_cd00b1e6916f,2026-05-18T12:51:32.929145+00:00,DOGEUSDT,short,HIGH_VOLATILITY,,EXHAUSTION,,NO_SIGNAL,40.0,bearish,bearish,true,,,1.148514,,,none,,False,False,False,True,False,True,0,6,,,
,missing_required_data,,sig_a1a65648c272,2026-05-18T12:51:33.709343+00:00,AVAXUSDT,short,HIGH_VOLATILITY,,CHOPPY_RANGE,,NO_SIGNAL,65.0,bearish,bearish,true,,,0.875036,,,none,,False,False,True,True,False,True,1,4,,,
,missing_required_data,,,2026-05-18T13:20:14.853202+00:00,BTCUSDT,long,RANGING,,BREAKOUT,,SECONDARY_SIGNAL,80.0,bearish,bearish,true,43.701873,,,,,none,,True,False,False,True,False,True,1,4,,,
,missing_price_path,,paper_aa237df3887b,2026-05-18T13:20:15.011989+00:00,BTCUSDT,long,RANGING,LONDON,BREAKOUT,mid_range,SECONDARY_SIGNAL,80.0,bearish,bearish,true,43.701873,,,,,none,,True,False,False,True,False,True,1,4,,,
,missing_required_data,,sig_6f75754753c8,2026-05-18T13:20:15.013403+00:00,BTCUSDT,long,RANGING,,BREAKOUT,,SECONDARY_SIGNAL,80.0,bearish,bearish,true,43.701873,,,,,none,,True,False,False,True,False,True,1,4,,,
,missing_required_data,,,2026-05-18T13:20:15.810082+00:00,ETHUSDT,long,HIGH_VOLATILITY,,BREAKOUT,,SECONDARY_SIGNAL,80.0,bearish,bearish,true,38.868188,,,,,none,,True,False,False,True,False,True,1,4,,,
,missing_required_data,,sig_540bc6ede09f,2026-05-18T13:20:15.853855+00:00,ETHUSDT,long,HIGH_VOLATILITY,,BREAKOUT,,SECONDARY_SIGNAL,80.0,bearish,bearish,true,38.868188,,,,,none,,True,False,False,True,False,True,1,4,,,
,missing_required_data,,,2026-05-18T13:20:16.548002+00:00,SOLUSDT,long,HIGH_VOLATILITY,,BREAKOUT,,SECONDARY_SIGNAL,80.0,bearish,bearish,true,42.948718,,,,,none,,True,False,False,True,False,True,1,4,,,
,missing_required_data,,sig_c84ef6f5d0e5,2026-05-18T13:20:16.579366+00:00,SOLUSDT,long,HIGH_VOLATILITY,,BREAKOUT,,SECONDARY_SIGNAL,80.0,bearish,bearish,true,42.948718,,,,,none,,True,False,False,True,False,True,1,4,,,
,missing_required_data,,,2026-05-18T13:20:17.317935+00:00,XRPUSDT,long,HIGH_VOLATILITY,,CHOPPY_RANGE,,SECONDARY_SIGNAL,75.0,bearish,bearish,true,39.354839,,0.968373,,,none,,True,False,True,True,False,True,2,4,,,
,missing_price_path,,paper_be44114552a6,2026-05-18T13:20:17.362334+00:00,XRPUSDT,long,HIGH_VOLATILITY,LONDON,CHOPPY_RANGE,mid_range,SECONDARY_SIGNAL,75.0,bearish,bearish,true,39.354839,,0.968373,,,none,,True,False,True,True,False,True,2,4,,,
,missing_required_data,,sig_3e106eec3912,2026-05-18T13:20:17.364971+00:00,XRPUSDT,long,HIGH_VOLATILITY,,CHOPPY_RANGE,,SECONDARY_SIGNAL,75.0,bearish,bearish,true,39.354839,,0.968373,,,none,,True,False,True,True,False,True,2,4,,,
,missing_required_data,,,2026-05-18T13:20:18.091492+00:00,BNBUSDT,short,RANGING,,EXHAUSTION,,NO_SIGNAL,45.0,bearish,bearish,true,,,,,,none,,False,False,False,True,False,True,0,6,,,
,missing_required_data,,sig_f55cfdd9f689,2026-05-18T13:20:18.132855+00:00,BNBUSDT,short,RANGING,,EXHAUSTION,,NO_SIGNAL,45.0,bearish,bearish,true,,,,,,none,,False,False,False,True,False,True,0,6,,,
,missing_required_data,,,2026-05-18T13:20:18.875601+00:00,DOGEUSDT,short,HIGH_VOLATILITY,,IMPULSE,,NO_SIGNAL,45.0,bearish,bearish,true,,,,,,none,,False,False,False,True,False,True,1,6,,,
,missing_required_data,,sig_18e1657b7677,2026-05-18T13:20:18.916745+00:00,DOGEUSDT,short,HIGH_VOLATILITY,,IMPULSE,,NO_SIGNAL,45.0,bearish,bearish,true,,,,,,none,,False,False,False,True,False,True,1,6,,,
,missing_required_data,,,2026-05-18T13:20:19.588731+00:00,AVAXUSDT,short,HIGH_VOLATILITY,,CHOPPY_RANGE,,NO_SIGNAL,65.0,bearish,bearish,true,,,0.723601,,,none,,False,True,True,True,False,True,2,4,,,
,missing_required_data,,sig_bde6984526b1,2026-05-18T13:20:19.629214+00:00,AVAXUSDT,short,HIGH_VOLATILITY,,CHOPPY_RANGE,,NO_SIGNAL,65.0,bearish,bearish,true,,,0.723601,,,none,,False,True,True,True,False,True,2,4,,,
,missing_price_path,,sig_505089cfc123,2026-05-21T06:49:26.452365+00:00,BTCUSDT,long,HIGH_VOLATILITY,,PULLBACK,,MAIN_SIGNAL,100.0,bullish,bullish,true,40.1766,,1.007603,,,bullish_sweep,,False,False,False,False,False,False,0,0,,,
,missing_required_data,,sig_e2b89f0b96db,2026-05-21T06:49:26.457047+00:00,BTCUSDT,short,LOW_VOLATILITY,,PULLBACK,,MAIN_SIGNAL,90.0,bearish,bearish,true,59.8234,,1.007603,,,bearish_sweep,,False,False,False,False,False,False,1,0,,,
,missing_required_data,,sig_a5075c3d2c56,2026-05-21T06:49:26.458528+00:00,ETHUSDT,short,LOW_VOLATILITY,,PULLBACK,,MAIN_SIGNAL,90.0,bearish,bearish,true,59.8234,,1.007603,,,bearish_sweep,,False,False,False,False,False,False,1,0,,,
,missing_price_path,,sig_4bb47904750a,2026-05-21T06:49:26.474518+00:00,BTCUSDT,long,HIGH_VOLATILITY,,PULLBACK,,MAIN_SIGNAL,100.0,bullish,bullish,true,40.1766,,1.007603,,,bullish_sweep,,False,False,False,False,False,False,0,0,,,
,missing_price_path,,sig_f6ae556cae4d,2026-05-21T06:56:14.321182+00:00,BTCUSDT,long,HIGH_VOLATILITY,,PULLBACK,,MAIN_SIGNAL,100.0,bullish,bullish,true,40.1766,,1.007603,,,bullish_sweep,,False,False,False,False,False,False,0,0,,,
,missing_required_data,,sig_f3b18f3f2e5f,2026-05-21T06:56:14.326379+00:00,BTCUSDT,short,LOW_VOLATILITY,,PULLBACK,,MAIN_SIGNAL,90.0,bearish,bearish,true,59.8234,,1.007603,,,bearish_sweep,,False,False,False,False,False,False,1,0,,,
,missing_required_data,,sig_95f965f520fb,2026-05-21T06:56:14.327893+00:00,ETHUSDT,short,LOW_VOLATILITY,,PULLBACK,,MAIN_SIGNAL,90.0,bearish,bearish,true,59.8234,,1.007603,,,bearish_sweep,,False,False,False,False,False,False,1,0,,,
,missing_price_path,,sig_d9aee80d7ea1,2026-05-21T06:56:14.344157+00:00,BTCUSDT,long,HIGH_VOLATILITY,,PULLBACK,,MAIN_SIGNAL,100.0,bullish,bullish,true,40.1766,,1.007603,,,bullish_sweep,,False,False,False,False,False,False,0,0,,,
,missing_price_path,,sig_bc30a6c8a6ea,2026-05-21T07:02:29.527807+00:00,BTCUSDT,long,HIGH_VOLATILITY,,PULLBACK,,MAIN_SIGNAL,100.0,bullish,bullish,true,40.1766,,1.007603,,,bullish_sweep,,False,False,False,False,False,False,0,0,,,
,missing_required_data,,sig_a189e4453734,2026-05-21T07:02:29.532891+00:00,BTCUSDT,short,LOW_VOLATILITY,,PULLBACK,,MAIN_SIGNAL,90.0,bearish,bearish,true,59.8234,,1.007603,,,bearish_sweep,,False,False,False,False,False,False,1,0,,,
,missing_required_data,,sig_27d5f8fd4538,2026-05-21T07:02:29.534442+00:00,ETHUSDT,short,LOW_VOLATILITY,,PULLBACK,,MAIN_SIGNAL,90.0,bearish,bearish,true,59.8234,,1.007603,,,bearish_sweep,,False,False,False,False,False,False,1,0,,,
,missing_price_path,,sig_76f0856f11f6,2026-05-21T07:02:29.551015+00:00,BTCUSDT,long,HIGH_VOLATILITY,,PULLBACK,,MAIN_SIGNAL,100.0,bullish,bullish,true,40.1766,,1.007603,,,bullish_sweep,,False,False,False,False,False,False,0,0,,,
,missing_price_path,,sig_849e35d9ee1e,2026-05-21T17:17:12.720855+00:00,BTCUSDT,long,HIGH_VOLATILITY,,PULLBACK,,MAIN_SIGNAL,100.0,bullish,bullish,true,40.1766,,1.007603,,,bullish_sweep,,False,False,False,False,False,False,0,0,,,
,missing_required_data,,sig_5f430d0c39e4,2026-05-21T17:17:18.051065+00:00,BTCUSDT,short,LOW_VOLATILITY,,PULLBACK,,MAIN_SIGNAL,90.0,bearish,bearish,true,59.8234,,1.007603,,,bearish_sweep,,False,False,False,False,False,False,1,0,,,
,missing_required_data,,sig_c0f400f670be,2026-05-21T17:17:18.052528+00:00,ETHUSDT,short,LOW_VOLATILITY,,PULLBACK,,MAIN_SIGNAL,90.0,bearish,bearish,true,59.8234,,1.007603,,,bearish_sweep,,False,False,False,False,False,False,1,0,,,
,missing_price_path,,sig_c1a5a3da3e87,2026-05-21T17:17:18.070034+00:00,BTCUSDT,long,HIGH_VOLATILITY,,PULLBACK,,MAIN_SIGNAL,100.0,bullish,bullish,true,40.1766,,1.007603,,,bullish_sweep,,False,False,False,False,False,False,0,0,,,
,missing_price_path,,sig_12d50df301da,2026-05-24T18:18:24.486248+00:00,BTCUSDT,long,HIGH_VOLATILITY,,PULLBACK,,MAIN_SIGNAL,100.0,bullish,bullish,true,40.1766,,1.007603,,,bullish_sweep,,False,False,False,False,False,False,0,0,,,
,missing_required_data,,sig_7e378c10d840,2026-05-24T18:18:24.491780+00:00,BTCUSDT,short,LOW_VOLATILITY,,PULLBACK,,MAIN_SIGNAL,90.0,bearish,bearish,true,59.8234,,1.007603,,,bearish_sweep,,False,False,False,False,False,False,1,0,,,
,missing_required_data,,sig_5acf01651014,2026-05-24T18:18:24.493495+00:00,ETHUSDT,short,LOW_VOLATILITY,,PULLBACK,,MAIN_SIGNAL,90.0,bearish,bearish,true,59.8234,,1.007603,,,bearish_sweep,,False,False,False,False,False,False,1,0,,,
,missing_price_path,,sig_78badd0ef2af,2026-05-24T18:18:24.510590+00:00,BTCUSDT,long,HIGH_VOLATILITY,,PULLBACK,,MAIN_SIGNAL,100.0,bullish,bullish,true,40.1766,,1.007603,,,bullish_sweep,,False,False,False,False,False,False,0,0,,,
,missing_price_path,,sig_f9640f33f3fc,2026-05-24T18:25:27.327984+00:00,BTCUSDT,long,HIGH_VOLATILITY,,PULLBACK,,MAIN_SIGNAL,100.0,bullish,bullish,true,40.1766,,1.007603,,,bullish_sweep,,False,False,False,False,False,False,0,0,,,
,missing_price_path,,sig_4eccce2c8ce8,2026-05-24T18:26:27.147554+00:00,BTCUSDT,long,HIGH_VOLATILITY,,PULLBACK,,MAIN_SIGNAL,100.0,bullish,bullish,true,40.1766,,1.007603,,,bullish_sweep,,False,False,False,False,False,False,0,0,,,
,missing_required_data,,sig_41fe9ba72676,2026-05-24T18:26:31.370600+00:00,BTCUSDT,short,LOW_VOLATILITY,,PULLBACK,,MAIN_SIGNAL,90.0,bearish,bearish,true,59.8234,,1.007603,,,bearish_sweep,,False,False,False,False,False,False,1,0,,,
,missing_required_data,,sig_0a5687d9667e,2026-05-24T18:26:31.372177+00:00,ETHUSDT,short,LOW_VOLATILITY,,PULLBACK,,MAIN_SIGNAL,90.0,bearish,bearish,true,59.8234,,1.007603,,,bearish_sweep,,False,False,False,False,False,False,1,0,,,
,missing_price_path,,sig_4d2cb6eaaef1,2026-05-24T18:26:31.389511+00:00,BTCUSDT,long,HIGH_VOLATILITY,,PULLBACK,,MAIN_SIGNAL,100.0,bullish,bullish,true,40.1766,,1.007603,,,bullish_sweep,,False,False,False,False,False,False,0,0,,,
,missing_price_path,,sig_ff3438dfcfd9,2026-05-24T18:48:40.081609+00:00,BTCUSDT,long,HIGH_VOLATILITY,,PULLBACK,,MAIN_SIGNAL,100.0,bullish,bullish,true,40.1766,,1.007603,,,bullish_sweep,,False,False,False,False,False,False,0,0,,,
,missing_price_path,,sig_54a9f292265d,2026-05-24T18:49:01.212111+00:00,BTCUSDT,long,HIGH_VOLATILITY,,PULLBACK,,MAIN_SIGNAL,100.0,bullish,bullish,true,40.1766,,1.007603,,,bullish_sweep,,False,False,False,False,False,False,0,0,,,
,missing_required_data,,sig_66c83c240c69,2026-05-24T18:49:05.123112+00:00,BTCUSDT,short,LOW_VOLATILITY,,PULLBACK,,MAIN_SIGNAL,90.0,bearish,bearish,true,59.8234,,1.007603,,,bearish_sweep,,False,False,False,False,False,False,1,0,,,
,missing_required_data,,sig_cc0ce63049d8,2026-05-24T18:49:05.124856+00:00,ETHUSDT,short,LOW_VOLATILITY,,PULLBACK,,MAIN_SIGNAL,90.0,bearish,bearish,true,59.8234,,1.007603,,,bearish_sweep,,False,False,False,False,False,False,1,0,,,
,missing_price_path,,sig_d0b4cbf46eb3,2026-05-24T18:49:05.142994+00:00,BTCUSDT,long,HIGH_VOLATILITY,,PULLBACK,,MAIN_SIGNAL,100.0,bullish,bullish,true,40.1766,,1.007603,,,bullish_sweep,,False,False,False,False,False,False,0,0,,,
,missing_price_path,,sig_09dd5d458262,2026-05-24T19:00:19.114745+00:00,BTCUSDT,long,HIGH_VOLATILITY,,PULLBACK,,MAIN_SIGNAL,100.0,bullish,bullish,true,40.1766,,1.007603,,,bullish_sweep,,False,False,False,False,False,False,0,0,,,
,missing_required_data,,sig_98aa18a6913d,2026-05-24T19:00:19.117941+00:00,BTCUSDT,short,LOW_VOLATILITY,,PULLBACK,,MAIN_SIGNAL,90.0,bearish,bearish,true,59.8234,,1.007603,,,bearish_sweep,,False,False,False,False,False,False,1,0,,,
,missing_required_data,,sig_559a583e8f68,2026-05-24T19:00:19.119509+00:00,ETHUSDT,short,LOW_VOLATILITY,,PULLBACK,,MAIN_SIGNAL,90.0,bearish,bearish,true,59.8234,,1.007603,,,bearish_sweep,,False,False,False,False,False,False,1,0,,,
,missing_price_path,,sig_7957a491eb3c,2026-05-24T19:00:19.136556+00:00,BTCUSDT,long,HIGH_VOLATILITY,,PULLBACK,,MAIN_SIGNAL,100.0,bullish,bullish,true,40.1766,,1.007603,,,bullish_sweep,,False,False,False,False,False,False,0,0,,,
,missing_price_path,,sig_6b186c36df20,2026-05-24T19:04:02.360779+00:00,BTCUSDT,long,HIGH_VOLATILITY,,PULLBACK,,MAIN_SIGNAL,100.0,bullish,bullish,true,40.1766,,1.007603,,,bullish_sweep,,False,False,False,False,False,False,0,0,,,
,missing_required_data,,sig_2a5bd45d5a3b,2026-05-24T19:04:02.366532+00:00,BTCUSDT,short,LOW_VOLATILITY,,PULLBACK,,MAIN_SIGNAL,90.0,bearish,bearish,true,59.8234,,1.007603,,,bearish_sweep,,False,False,False,False,False,False,1,0,,,
,missing_required_data,,sig_1d38f6edac84,2026-05-24T19:04:02.368149+00:00,ETHUSDT,short,LOW_VOLATILITY,,PULLBACK,,MAIN_SIGNAL,90.0,bearish,bearish,true,59.8234,,1.007603,,,bearish_sweep,,False,False,False,False,False,False,1,0,,,
,missing_price_path,,sig_5df14a2d884c,2026-05-24T19:04:02.385576+00:00,BTCUSDT,long,HIGH_VOLATILITY,,PULLBACK,,MAIN_SIGNAL,100.0,bullish,bullish,true,40.1766,,1.007603,,,bullish_sweep,,False,False,False,False,False,False,0,0,,,
,missing_price_path,,sig_c805dcdfd353,2026-05-24T19:11:54.951423+00:00,BTCUSDT,long,HIGH_VOLATILITY,,PULLBACK,,MAIN_SIGNAL,100.0,bullish,bullish,true,40.1766,,1.007603,,,bullish_sweep,,False,False,False,False,False,False,0,0,,,
,missing_required_data,,sig_2f46b31d1df0,2026-05-24T19:11:54.957285+00:00,BTCUSDT,short,LOW_VOLATILITY,,PULLBACK,,MAIN_SIGNAL,90.0,bearish,bearish,true,59.8234,,1.007603,,,bearish_sweep,,False,False,False,False,False,False,1,0,,,
,missing_required_data,,sig_213f87213cbd,2026-05-24T19:11:54.959163+00:00,ETHUSDT,short,LOW_VOLATILITY,,PULLBACK,,MAIN_SIGNAL,90.0,bearish,bearish,true,59.8234,,1.007603,,,bearish_sweep,,False,False,False,False,False,False,1,0,,,
,missing_price_path,,sig_22d08193b644,2026-05-24T19:11:54.978530+00:00,BTCUSDT,long,HIGH_VOLATILITY,,PULLBACK,,MAIN_SIGNAL,100.0,bullish,bullish,true,40.1766,,1.007603,,,bullish_sweep,,False,False,False,False,False,False,0,0,,,
,missing_price_path,,sig_37696a7ca71d,2026-05-24T19:12:06.112514+00:00,BTCUSDT,long,HIGH_VOLATILITY,,PULLBACK,,MAIN_SIGNAL,100.0,bullish,bullish,true,40.1766,,1.007603,,,bullish_sweep,,False,False,False,False,False,False,0,0,,,
,missing_required_data,,sig_2814b5a28df0,2026-05-24T19:12:06.116357+00:00,BTCUSDT,short,LOW_VOLATILITY,,PULLBACK,,MAIN_SIGNAL,90.0,bearish,bearish,true,59.8234,,1.007603,,,bearish_sweep,,False,False,False,False,False,False,1,0,,,
,missing_required_data,,sig_a0b2eb0a6a8d,2026-05-24T19:12:06.118259+00:00,ETHUSDT,short,LOW_VOLATILITY,,PULLBACK,,MAIN_SIGNAL,90.0,bearish,bearish,true,59.8234,,1.007603,,,bearish_sweep,,False,False,False,False,False,False,1,0,,,
,missing_price_path,,sig_ac22f19ec4d7,2026-05-24T19:12:06.137606+00:00,BTCUSDT,long,HIGH_VOLATILITY,,PULLBACK,,MAIN_SIGNAL,100.0,bullish,bullish,true,40.1766,,1.007603,,,bullish_sweep,,False,False,False,False,False,False,0,0,,,
,missing_price_path,,sig_f7d5d4bbd399,2026-05-24T19:16:24.996678+00:00,BTCUSDT,long,HIGH_VOLATILITY,,PULLBACK,,MAIN_SIGNAL,100.0,bullish,bullish,true,40.1766,,1.007603,,,bullish_sweep,,False,False,False,False,False,False,0,0,,,
,missing_required_data,,sig_77eeb6c33cd7,2026-05-24T19:16:25.002482+00:00,BTCUSDT,short,LOW_VOLATILITY,,PULLBACK,,MAIN_SIGNAL,90.0,bearish,bearish,true,59.8234,,1.007603,,,bearish_sweep,,False,False,False,False,False,False,1,0,,,
,missing_required_data,,sig_a61daca583b4,2026-05-24T19:16:25.004343+00:00,ETHUSDT,short,LOW_VOLATILITY,,PULLBACK,,MAIN_SIGNAL,90.0,bearish,bearish,true,59.8234,,1.007603,,,bearish_sweep,,False,False,False,False,False,False,1,0,,,
,missing_price_path,,sig_8c2504c257de,2026-05-24T19:16:25.023700+00:00,BTCUSDT,long,HIGH_VOLATILITY,,PULLBACK,,MAIN_SIGNAL,100.0,bullish,bullish,true,40.1766,,1.007603,,,bullish_sweep,,False,False,False,False,False,False,0,0,,,
,missing_price_path,,sig_14df0691ce4e,2026-05-24T19:17:14.751194+00:00,BTCUSDT,long,HIGH_VOLATILITY,,PULLBACK,,MAIN_SIGNAL,100.0,bullish,bullish,true,40.1766,,1.007603,,,bullish_sweep,,False,False,False,False,False,False,0,0,,,
,missing_required_data,,sig_afb9d1db62f7,2026-05-24T19:17:14.754792+00:00,BTCUSDT,short,LOW_VOLATILITY,,PULLBACK,,MAIN_SIGNAL,90.0,bearish,bearish,true,59.8234,,1.007603,,,bearish_sweep,,False,False,False,False,False,False,1,0,,,
,missing_required_data,,sig_ce7f30a6f1df,2026-05-24T19:17:14.756760+00:00,ETHUSDT,short,LOW_VOLATILITY,,PULLBACK,,MAIN_SIGNAL,90.0,bearish,bearish,true,59.8234,,1.007603,,,bearish_sweep,,False,False,False,False,False,False,1,0,,,
,missing_price_path,,sig_f85107da8bb1,2026-05-24T19:17:14.775777+00:00,BTCUSDT,long,HIGH_VOLATILITY,,PULLBACK,,MAIN_SIGNAL,100.0,bullish,bullish,true,40.1766,,1.007603,,,bullish_sweep,,False,False,False,False,False,False,0,0,,,
,missing_price_path,,sig_7a1af806d919,2026-05-24T20:51:23.516664+00:00,BTCUSDT,long,HIGH_VOLATILITY,,PULLBACK,,MAIN_SIGNAL,100.0,bullish,bullish,true,40.1766,,1.007603,,,bullish_sweep,,False,False,False,False,False,False,0,0,,,
,missing_required_data,,sig_c2dc46ca7b84,2026-05-24T20:51:23.520658+00:00,BTCUSDT,short,LOW_VOLATILITY,,PULLBACK,,MAIN_SIGNAL,90.0,bearish,bearish,true,59.8234,,1.007603,,,bearish_sweep,,False,False,False,False,False,False,1,0,,,
,missing_required_data,,sig_d2571e753151,2026-05-24T20:51:23.522668+00:00,ETHUSDT,short,LOW_VOLATILITY,,PULLBACK,,MAIN_SIGNAL,90.0,bearish,bearish,true,59.8234,,1.007603,,,bearish_sweep,,False,False,False,False,False,False,1,0,,,
,missing_price_path,,sig_200800562b25,2026-05-24T20:51:23.541570+00:00,BTCUSDT,long,HIGH_VOLATILITY,,PULLBACK,,MAIN_SIGNAL,100.0,bullish,bullish,true,40.1766,,1.007603,,,bullish_sweep,,False,False,False,False,False,False,0,0,,,
,missing_price_path,,sig_702ee17e6f28,2026-05-24T20:56:52.942135+00:00,BTCUSDT,long,HIGH_VOLATILITY,,PULLBACK,,MAIN_SIGNAL,100.0,bullish,bullish,true,40.1766,,1.007603,,,bullish_sweep,,False,False,False,False,False,False,0,0,,,
,missing_required_data,,sig_051dea56173d,2026-05-24T20:56:52.945559+00:00,BTCUSDT,short,LOW_VOLATILITY,,PULLBACK,,MAIN_SIGNAL,90.0,bearish,bearish,true,59.8234,,1.007603,,,bearish_sweep,,False,False,False,False,False,False,1,0,,,
,missing_required_data,,sig_cd740e0a9b40,2026-05-24T20:56:52.947605+00:00,ETHUSDT,short,LOW_VOLATILITY,,PULLBACK,,MAIN_SIGNAL,90.0,bearish,bearish,true,59.8234,,1.007603,,,bearish_sweep,,False,False,False,False,False,False,1,0,,,
,missing_price_path,,sig_576846f8a0ae,2026-05-24T20:56:52.966555+00:00,BTCUSDT,long,HIGH_VOLATILITY,,PULLBACK,,MAIN_SIGNAL,100.0,bullish,bullish,true,40.1766,,1.007603,,,bullish_sweep,,False,False,False,False,False,False,0,0,,,
