group_type,group,rows,labeled_rows,positive_labels,negative_labels,winrate,avg_result_r,total_result_r,tp_hit_count,sl_hit_count,unknown_count,confidence_level,insufficient_data
direction,short,125,15,2,13,13.33,-0.5699,-8.549,2,13,110,MEDIUM,False
direction,long,171,17,6,11,35.29,0.0835,1.4188,6,11,154,MEDIUM,False
direction+market_regime,short|TRENDING,19,4,0,4,0.0,-1.0,-4.0,0,4,15,LOW,True
direction+market_regime,long|HIGH_VOLATILITY,127,4,0,4,0.0,-1.0,-4.0,0,4,123,LOW,True
direction+market_regime,short|RANGING,16,9,1,8,11.11,-0.7222,-6.5,1,8,7,LOW,True
direction+market_regime,long|RANGING,28,5,1,4,20.0,-0.4986,-2.4932,1,4,23,LOW,True
direction+market_regime,short|LOW_VOLATILITY,45,0,0,0,0.0,0.0,0,0,0,45,LOW,True
direction+market_regime,long|LOW_VOLATILITY,1,0,0,0,0.0,0.0,0,0,0,1,LOW,True
direction+market_regime,short|HIGH_VOLATILITY,45,2,1,1,50.0,0.9755,1.951,1,1,43,LOW,True
direction+market_regime,long|TRENDING,15,8,5,3,62.5,0.989,7.912,5,3,7,LOW,True
entry_context,CHOPPY_RANGE,16,5,0,5,0.0,-1.0,-5.0,0,5,11,LOW,True
entry_context,EXHAUSTION,21,3,1,2,33.33,-0.1144,-0.3432,1,2,18,LOW,True
entry_context,PULLBACK,102,7,2,5,28.57,-0.0775,-0.5422,2,5,95,LOW,True
entry_context,BREAKOUT,57,17,5,12,29.41,-0.0732,-1.2448,5,12,40,MEDIUM,False
entry_context,UNKNOWN,98,0,0,0,0.0,0.0,0,0,0,98,LOW,True
entry_context,IMPULSE,2,0,0,0,0.0,0.0,0,0,0,2,LOW,True
has_against_htf,False,255,18,3,15,16.67,-0.4025,-7.2448,3,15,237,MEDIUM,False
has_against_htf,True,41,14,5,9,35.71,0.0082,0.1146,5,9,27,MEDIUM,False
has_dirty_sideways_market,True,15,4,0,4,0.0,-1.0,-4.0,0,4,11,LOW,True
has_dirty_sideways_market,False,281,28,8,20,28.57,-0.1118,-3.1302,8,20,253,MEDIUM,False
has_low_volume,True,7,3,0,3,0.0,-1.0,-3.0,0,3,4,LOW,True
has_low_volume,False,289,29,8,21,27.59,-0.1424,-4.1302,8,21,260,MEDIUM,False
has_market_structure_range_penalty,False,255,32,8,24,25.0,-0.2228,-7.1302,8,24,223,HIGH,False
has_market_structure_range_penalty,True,41,0,0,0,0.0,0.0,0,0,0,41,LOW,True
has_secondary_confluence_bonus,False,251,32,8,24,25.0,-0.2228,-7.1302,8,24,219,HIGH,False
has_secondary_confluence_bonus,True,45,0,0,0,0.0,0.0,0,0,0,45,LOW,True
has_timeframe_alignment_penalty,False,296,32,8,24,25.0,-0.2228,-7.1302,8,24,264,HIGH,False
market_regime,RANGING,44,14,2,12,14.29,-0.6424,-8.9932,2,12,30,MEDIUM,False
market_regime,HIGH_VOLATILITY,172,6,1,5,16.67,-0.3415,-2.049,1,5,166,LOW,True
market_regime,LOW_VOLATILITY,46,0,0,0,0.0,0.0,0,0,0,46,LOW,True
market_regime,TRENDING,34,12,5,7,41.67,0.326,3.912,5,7,22,MEDIUM,False
market_regime+entry_context,RANGING|CHOPPY_RANGE,7,5,0,5,0.0,-1.0,-5.0,0,5,2,LOW,True
market_regime+entry_context,HIGH_VOLATILITY|BREAKOUT,23,5,0,5,0.0,-1.0,-5.0,0,5,18,LOW,True
market_regime+entry_context,TRENDING|PULLBACK,7,4,0,4,0.0,-1.0,-4.0,0,4,3,LOW,True
market_regime+entry_context,RANGING|EXHAUSTION,3,1,0,1,0.0,-1.0,-1.0,0,1,2,LOW,True
market_regime+entry_context,RANGING|BREAKOUT,19,6,1,5,16.67,-0.5833,-3.5,1,5,13,LOW,True
market_regime+entry_context,LOW_VOLATILITY|BREAKOUT,1,0,0,0,0.0,0.0,0,0,0,1,LOW,True
market_regime+entry_context,RANGING|UNKNOWN,13,0,0,0,0.0,0.0,0,0,0,13,LOW,True
market_regime+entry_context,HIGH_VOLATILITY|UNKNOWN,77,0,0,0,0.0,0.0,0,0,0,77,LOW,True
market_regime+entry_context,TRENDING|UNKNOWN,7,0,0,0,0.0,0.0,0,0,0,7,LOW,True
market_regime+entry_context,LOW_VOLATILITY|UNKNOWN,1,0,0,0,0.0,0.0,0,0,0,1,LOW,True
market_regime+entry_context,LOW_VOLATILITY|PULLBACK,44,0,0,0,0.0,0.0,0,0,0,44,LOW,True
market_regime+entry_context,HIGH_VOLATILITY|EXHAUSTION,12,0,0,0,0.0,0.0,0,0,0,12,LOW,True
market_regime+entry_context,HIGH_VOLATILITY|CHOPPY_RANGE,9,0,0,0,0.0,0.0,0,0,0,9,LOW,True
market_regime+entry_context,HIGH_VOLATILITY|IMPULSE,2,0,0,0,0.0,0.0,0,0,0,2,LOW,True
market_regime+entry_context,RANGING|PULLBACK,2,2,1,1,50.0,0.2534,0.5068,1,1,0,LOW,True
market_regime+entry_context,TRENDING|EXHAUSTION,6,2,1,1,50.0,0.3284,0.6568,1,1,4,LOW,True
market_regime+entry_context,TRENDING|BREAKOUT,14,6,4,2,66.67,1.2092,7.2552,4,2,8,LOW,True
market_regime+entry_context,HIGH_VOLATILITY|PULLBACK,49,1,1,0,100.0,2.951,2.951,1,0,48,LOW,True
session,NEW_YORK,20,12,1,11,8.33,-0.7917,-9.5,1,11,8,MEDIUM,False
session,ASIA,1,0,0,0,0.0,0.0,0,0,0,1,LOW,True
session,UNKNOWN,240,0,0,0,0.0,0.0,0,0,0,240,LOW,True
session,OVERLAP,17,12,4,8,33.33,0.1182,1.4188,4,8,5,MEDIUM,False
session,LONDON,18,8,3,5,37.5,0.1189,0.951,3,5,10,LOW,True
setup_type,SECONDARY_SIGNAL,48,13,3,10,23.08,-0.3846,-5.0,3,10,35,MEDIUM,False
setup_type,MAIN_SIGNAL,114,19,5,14,26.32,-0.1121,-2.1302,5,14,95,MEDIUM,False
setup_type,UNKNOWN,108,0,0,0,0.0,0.0,0,0,0,108,LOW,True
setup_type,NO_SIGNAL,26,0,0,0,0.0,0.0,0,0,0,26,LOW,True
setup_type+entry_context,MAIN_SIGNAL|CHOPPY_RANGE,5,4,0,4,0.0,-1.0,-4.0,0,4,1,LOW,True
setup_type+entry_context,SECONDARY_SIGNAL|CHOPPY_RANGE,5,1,0,1,0.0,-1.0,-1.0,0,1,4,LOW,True
setup_type+entry_context,SECONDARY_SIGNAL|BREAKOUT,43,12,3,9,25.0,-0.3333,-4.0,3,9,31,MEDIUM,False
setup_type+entry_context,MAIN_SIGNAL|EXHAUSTION,3,3,1,2,33.33,-0.1144,-0.3432,1,2,0,LOW,True
setup_type+entry_context,MAIN_SIGNAL|PULLBACK,99,7,2,5,28.57,-0.0775,-0.5422,2,5,92,LOW,True
setup_type+entry_context,UNKNOWN|BREAKOUT,7,0,0,0,0.0,0.0,0,0,0,7,LOW,True
setup_type+entry_context,UNKNOWN|PULLBACK,3,0,0,0,0.0,0.0,0,0,0,3,LOW,True
setup_type+entry_context,UNKNOWN|UNKNOWN,98,0,0,0,0.0,0.0,0,0,0,98,LOW,True
setup_type+entry_context,NO_SIGNAL|EXHAUSTION,18,0,0,0,0.0,0.0,0,0,0,18,LOW,True
setup_type+entry_context,NO_SIGNAL|CHOPPY_RANGE,6,0,0,0,0.0,0.0,0,0,0,6,LOW,True
setup_type+entry_context,NO_SIGNAL|IMPULSE,2,0,0,0,0.0,0.0,0,0,0,2,LOW,True
setup_type+entry_context,MAIN_SIGNAL|BREAKOUT,7,5,2,3,40.0,0.551,2.7552,2,3,2,LOW,True
symbol,SOLUSDT,14,3,0,3,0.0,-1.0,-3.0,0,3,11,LOW,True
symbol,ICPUSDT,4,2,0,2,0.0,-1.0,-2.0,0,2,2,LOW,True
symbol,XRPUSDT,16,1,0,1,0.0,-1.0,-1.0,0,1,15,LOW,True
symbol,UNIUSDT,4,1,0,1,0.0,-1.0,-1.0,0,1,3,LOW,True
symbol,ETCUSDT,2,1,0,1,0.0,-1.0,-1.0,0,1,1,LOW,True
symbol,SANDUSDT,3,1,0,1,0.0,-1.0,-1.0,0,1,2,LOW,True
symbol,APEUSDT,1,1,0,1,0.0,-1.0,-1.0,0,1,0,LOW,True
symbol,ATOMUSDT,2,1,0,1,0.0,-1.0,-1.0,0,1,1,LOW,True
symbol,SUIUSDT,3,1,0,1,0.0,-1.0,-1.0,0,1,2,LOW,True
symbol,TRXUSDT,4,1,0,1,0.0,-1.0,-1.0,0,1,3,LOW,True
symbol,ETHUSDT,43,5,1,4,20.0,-0.4686,-2.3432,1,4,38,LOW,True
symbol,BNBUSDT,14,5,2,3,40.0,0.0,0.0,2,3,9,LOW,True
symbol,FTMUSDT,1,0,0,0,0.0,0.0,0,0,0,1,LOW,True
symbol,MANAUSDT,6,0,0,0,0.0,0.0,0,0,0,6,LOW,True
symbol,TAOUSDT,2,0,0,0,0.0,0.0,0,0,0,2,LOW,True
symbol,ADAUSDT,3,0,0,0,0.0,0.0,0,0,0,3,LOW,True
symbol,NEARUSDT,3,0,0,0,0.0,0.0,0,0,0,3,LOW,True
symbol,PEPEUSDT,2,0,0,0,0.0,0.0,0,0,0,2,LOW,True
symbol,BCHUSDT,2,0,0,0,0.0,0.0,0,0,0,2,LOW,True
symbol,ARBUSDT,3,0,0,0,0.0,0.0,0,0,0,3,LOW,True
symbol,AAVEUSDT,3,0,0,0,0.0,0.0,0,0,0,3,LOW,True
symbol,SEIUSDT,3,0,0,0,0.0,0.0,0,0,0,3,LOW,True
symbol,RUNEUSDT,1,0,0,0,0.0,0.0,0,0,0,1,LOW,True
symbol,ALGOUSDT,3,0,0,0,0.0,0.0,0,0,0,3,LOW,True
symbol,LINKUSDT,2,0,0,0,0.0,0.0,0,0,0,2,LOW,True
symbol,FILUSDT,2,0,0,0,0.0,0.0,0,0,0,2,LOW,True
symbol,OPUSDT,2,0,0,0,0.0,0.0,0,0,0,2,LOW,True
symbol,WIFUSDT,2,0,0,0,0.0,0.0,0,0,0,2,LOW,True
symbol,FETUSDT,2,0,0,0,0.0,0.0,0,0,0,2,LOW,True
symbol,RENDERUSDT,2,0,0,0,0.0,0.0,0,0,0,2,LOW,True
symbol,ARUSDT,3,0,0,0,0.0,0.0,0,0,0,3,LOW,True
symbol,GALAUSDT,2,0,0,0,0.0,0.0,0,0,0,2,LOW,True
symbol,HBARUSDT,2,0,0,0,0.0,0.0,0,0,0,2,LOW,True
symbol,ENAUSDT,2,0,0,0,0.0,0.0,0,0,0,2,LOW,True
symbol,JUPUSDT,2,0,0,0,0.0,0.0,0,0,0,2,LOW,True
symbol,AVAXUSDT,14,2,1,1,50.0,0.2534,0.5068,1,1,12,LOW,True
symbol,DOGEUSDT,23,2,1,1,50.0,0.5,1.0,1,1,21,LOW,True
symbol,BTCUSDT,88,3,1,2,33.33,0.7517,2.2552,1,2,85,LOW,True
symbol,DOTUSDT,4,1,1,0,100.0,1.5,1.5,1,0,3,LOW,True
symbol,INJUSDT,2,1,1,0,100.0,2.951,2.951,1,0,1,LOW,True
trade_location,premium_zone,8,7,0,7,0.0,-1.0,-7.0,0,7,1,LOW,True
trade_location,discount_zone,7,1,0,1,0.0,-1.0,-1.0,0,1,6,LOW,True
trade_location,near_support,20,11,3,8,27.27,-0.0671,-0.738,3,8,9,MEDIUM,False
trade_location,UNKNOWN,240,0,0,0,0.0,0.0,0,0,0,240,LOW,True
trade_location,near_resistance,9,6,2,4,33.33,0.0752,0.451,2,4,3,LOW,True
trade_location,mid_range,12,7,3,4,42.86,0.1653,1.1568,3,4,5,LOW,True
trade_location+entry_context,premium_zone|CHOPPY_RANGE,3,2,0,2,0.0,-1.0,-2.0,0,2,1,LOW,True
trade_location+entry_context,premium_zone|PULLBACK,2,2,0,2,0.0,-1.0,-2.0,0,2,0,LOW,True
trade_location+entry_context,premium_zone|BREAKOUT,2,2,0,2,0.0,-1.0,-2.0,0,2,0,LOW,True
trade_location+entry_context,near_support|CHOPPY_RANGE,2,1,0,1,0.0,-1.0,-1.0,0,1,1,LOW,True
trade_location+entry_context,discount_zone|BREAKOUT,7,1,0,1,0.0,-1.0,-1.0,0,1,6,LOW,True
trade_location+entry_context,near_support|EXHAUSTION,1,1,0,1,0.0,-1.0,-1.0,0,1,0,LOW,True
trade_location+entry_context,mid_range|PULLBACK,1,1,0,1,0.0,-1.0,-1.0,0,1,0,LOW,True
trade_location+entry_context,premium_zone|EXHAUSTION,1,1,0,1,0.0,-1.0,-1.0,0,1,0,LOW,True
trade_location+entry_context,mid_range|CHOPPY_RANGE,2,1,0,1,0.0,-1.0,-1.0,0,1,1,LOW,True
trade_location+entry_context,near_resistance|CHOPPY_RANGE,1,1,0,1,0.0,-1.0,-1.0,0,1,0,LOW,True
trade_location+entry_context,near_resistance|BREAKOUT,6,3,1,2,33.33,-0.1667,-0.5,1,2,3,LOW,True
trade_location+entry_context,UNKNOWN|BREAKOUT,21,0,0,0,0.0,0.0,0,0,0,21,LOW,True
trade_location+entry_context,UNKNOWN|PULLBACK,93,0,0,0,0.0,0.0,0,0,0,93,LOW,True
trade_location+entry_context,UNKNOWN|UNKNOWN,98,0,0,0,0.0,0.0,0,0,0,98,LOW,True
trade_location+entry_context,UNKNOWN|EXHAUSTION,18,0,0,0,0.0,0.0,0,0,0,18,LOW,True
trade_location+entry_context,UNKNOWN|CHOPPY_RANGE,8,0,0,0,0.0,0.0,0,0,0,8,LOW,True
trade_location+entry_context,UNKNOWN|IMPULSE,2,0,0,0,0.0,0.0,0,0,0,2,LOW,True
trade_location+entry_context,near_support|BREAKOUT,13,7,2,5,28.57,0.1079,0.7552,2,5,6,LOW,True
trade_location+entry_context,near_support|PULLBACK,4,2,1,1,50.0,0.2534,0.5068,1,1,2,LOW,True
trade_location+entry_context,mid_range|BREAKOUT,8,4,2,2,50.0,0.375,1.5,2,2,4,LOW,True
trade_location+entry_context,near_resistance|PULLBACK,2,2,1,1,50.0,0.9755,1.951,1,1,0,LOW,True
trade_location+entry_context,mid_range|EXHAUSTION,1,1,1,0,100.0,1.6568,1.6568,1,0,0,LOW,True
