dimension,value,classification,labeled_rows,winrate,avg_result_r,total_result_r,confidence_level,recommendation,next_action
has_market_structure_range_penalty,False,DANGEROUS,32,25.0,-0.2228,-7.1302,HIGH,evitar_publicacion_y_revisar_gate,validar_si_debe_bloquear_publico
has_secondary_confluence_bonus,False,DANGEROUS,32,25.0,-0.2228,-7.1302,HIGH,evitar_publicacion_y_revisar_gate,validar_si_debe_bloquear_publico
has_timeframe_alignment_penalty,False,DANGEROUS,32,25.0,-0.2228,-7.1302,HIGH,evitar_publicacion_y_revisar_gate,validar_si_debe_bloquear_publico
has_low_volume,False,DANGEROUS,29,27.59,-0.1424,-4.1302,MEDIUM,evitar_publicacion_y_revisar_gate,validar_si_debe_bloquear_publico
has_dirty_sideways_market,False,DANGEROUS,28,28.57,-0.1118,-3.1302,MEDIUM,evitar_publicacion_y_revisar_gate,validar_si_debe_bloquear_publico
setup_type,MAIN_SIGNAL,DANGEROUS,19,26.32,-0.1121,-2.1302,MEDIUM,evitar_publicacion_y_revisar_gate,validar_si_debe_bloquear_publico
has_against_htf,False,DANGEROUS,18,16.67,-0.4025,-7.2448,MEDIUM,evitar_publicacion_y_revisar_gate,validar_si_debe_bloquear_publico
entry_context,BREAKOUT,DANGEROUS,17,29.41,-0.0732,-1.2448,MEDIUM,evitar_publicacion_y_revisar_gate,validar_si_debe_bloquear_publico
direction,short,DANGEROUS,15,13.33,-0.5699,-8.549,MEDIUM,evitar_publicacion_y_revisar_gate,validar_si_debe_bloquear_publico
market_regime,RANGING,DANGEROUS,14,14.29,-0.6424,-8.9932,MEDIUM,evitar_publicacion_y_revisar_gate,validar_si_debe_bloquear_publico
setup_type,SECONDARY_SIGNAL,DANGEROUS,13,23.08,-0.3846,-5.0,MEDIUM,evitar_publicacion_y_revisar_gate,validar_si_debe_bloquear_publico
session,NEW_YORK,DANGEROUS,12,8.33,-0.7917,-9.5,MEDIUM,evitar_publicacion_y_revisar_gate,validar_si_debe_bloquear_publico
setup_type+entry_context,SECONDARY_SIGNAL|BREAKOUT,DANGEROUS,12,25.0,-0.3333,-4.0,MEDIUM,evitar_publicacion_y_revisar_gate,validar_si_debe_bloquear_publico
trade_location,near_support,DANGEROUS,11,27.27,-0.0671,-0.738,MEDIUM,evitar_publicacion_y_revisar_gate,validar_si_debe_bloquear_publico
direction+market_regime,short|RANGING,AVOID_PUBLIC,9,11.11,-0.7222,-6.5,LOW,evitar_publico_temporalmente,recoger_mas_muestra_en_dev_paper
trade_location,premium_zone,AVOID_PUBLIC,7,0.0,-1.0,-7.0,LOW,evitar_publico_temporalmente,recoger_mas_muestra_en_dev_paper
market_regime+entry_context,RANGING|BREAKOUT,AVOID_PUBLIC,6,16.67,-0.5833,-3.5,LOW,evitar_publico_temporalmente,recoger_mas_muestra_en_dev_paper
market_regime,HIGH_VOLATILITY,AVOID_PUBLIC,6,16.67,-0.3415,-2.049,LOW,evitar_publico_temporalmente,recoger_mas_muestra_en_dev_paper
entry_context,CHOPPY_RANGE,AVOID_PUBLIC,5,0.0,-1.0,-5.0,LOW,evitar_publico_temporalmente,recoger_mas_muestra_en_dev_paper
market_regime+entry_context,RANGING|CHOPPY_RANGE,AVOID_PUBLIC,5,0.0,-1.0,-5.0,LOW,evitar_publico_temporalmente,recoger_mas_muestra_en_dev_paper
market_regime+entry_context,HIGH_VOLATILITY|BREAKOUT,AVOID_PUBLIC,5,0.0,-1.0,-5.0,LOW,evitar_publico_temporalmente,recoger_mas_muestra_en_dev_paper
direction+market_regime,long|RANGING,AVOID_PUBLIC,5,20.0,-0.4986,-2.4932,LOW,evitar_publico_temporalmente,recoger_mas_muestra_en_dev_paper
symbol,ETHUSDT,AVOID_PUBLIC,5,20.0,-0.4686,-2.3432,LOW,evitar_publico_temporalmente,recoger_mas_muestra_en_dev_paper
direction+market_regime,short|TRENDING,AVOID_PUBLIC,4,0.0,-1.0,-4.0,LOW,evitar_publico_temporalmente,recoger_mas_muestra_en_dev_paper
direction+market_regime,long|HIGH_VOLATILITY,AVOID_PUBLIC,4,0.0,-1.0,-4.0,LOW,evitar_publico_temporalmente,recoger_mas_muestra_en_dev_paper
has_dirty_sideways_market,True,AVOID_PUBLIC,4,0.0,-1.0,-4.0,LOW,evitar_publico_temporalmente,recoger_mas_muestra_en_dev_paper
market_regime+entry_context,TRENDING|PULLBACK,AVOID_PUBLIC,4,0.0,-1.0,-4.0,LOW,evitar_publico_temporalmente,recoger_mas_muestra_en_dev_paper
setup_type+entry_context,MAIN_SIGNAL|CHOPPY_RANGE,AVOID_PUBLIC,4,0.0,-1.0,-4.0,LOW,evitar_publico_temporalmente,recoger_mas_muestra_en_dev_paper
has_low_volume,True,AVOID_PUBLIC,3,0.0,-1.0,-3.0,LOW,evitar_publico_temporalmente,recoger_mas_muestra_en_dev_paper
symbol,SOLUSDT,AVOID_PUBLIC,3,0.0,-1.0,-3.0,LOW,evitar_publico_temporalmente,recoger_mas_muestra_en_dev_paper
symbol,ICPUSDT,AVOID_PUBLIC,2,0.0,-1.0,-2.0,LOW,evitar_publico_temporalmente,recoger_mas_muestra_en_dev_paper
trade_location+entry_context,premium_zone|CHOPPY_RANGE,AVOID_PUBLIC,2,0.0,-1.0,-2.0,LOW,evitar_publico_temporalmente,recoger_mas_muestra_en_dev_paper
trade_location+entry_context,premium_zone|PULLBACK,AVOID_PUBLIC,2,0.0,-1.0,-2.0,LOW,evitar_publico_temporalmente,recoger_mas_muestra_en_dev_paper
trade_location+entry_context,premium_zone|BREAKOUT,AVOID_PUBLIC,2,0.0,-1.0,-2.0,LOW,evitar_publico_temporalmente,recoger_mas_muestra_en_dev_paper
market_regime+entry_context,RANGING|EXHAUSTION,AVOID_PUBLIC,1,0.0,-1.0,-1.0,LOW,evitar_publico_temporalmente,recoger_mas_muestra_en_dev_paper
setup_type+entry_context,SECONDARY_SIGNAL|CHOPPY_RANGE,AVOID_PUBLIC,1,0.0,-1.0,-1.0,LOW,evitar_publico_temporalmente,recoger_mas_muestra_en_dev_paper
symbol,XRPUSDT,AVOID_PUBLIC,1,0.0,-1.0,-1.0,LOW,evitar_publico_temporalmente,recoger_mas_muestra_en_dev_paper
symbol,UNIUSDT,AVOID_PUBLIC,1,0.0,-1.0,-1.0,LOW,evitar_publico_temporalmente,recoger_mas_muestra_en_dev_paper
symbol,ETCUSDT,AVOID_PUBLIC,1,0.0,-1.0,-1.0,LOW,evitar_publico_temporalmente,recoger_mas_muestra_en_dev_paper
symbol,SANDUSDT,AVOID_PUBLIC,1,0.0,-1.0,-1.0,LOW,evitar_publico_temporalmente,recoger_mas_muestra_en_dev_paper
symbol,APEUSDT,AVOID_PUBLIC,1,0.0,-1.0,-1.0,LOW,evitar_publico_temporalmente,recoger_mas_muestra_en_dev_paper
symbol,ATOMUSDT,AVOID_PUBLIC,1,0.0,-1.0,-1.0,LOW,evitar_publico_temporalmente,recoger_mas_muestra_en_dev_paper
symbol,SUIUSDT,AVOID_PUBLIC,1,0.0,-1.0,-1.0,LOW,evitar_publico_temporalmente,recoger_mas_muestra_en_dev_paper
symbol,TRXUSDT,AVOID_PUBLIC,1,0.0,-1.0,-1.0,LOW,evitar_publico_temporalmente,recoger_mas_muestra_en_dev_paper
trade_location,discount_zone,AVOID_PUBLIC,1,0.0,-1.0,-1.0,LOW,evitar_publico_temporalmente,recoger_mas_muestra_en_dev_paper
trade_location+entry_context,near_support|CHOPPY_RANGE,AVOID_PUBLIC,1,0.0,-1.0,-1.0,LOW,evitar_publico_temporalmente,recoger_mas_muestra_en_dev_paper
trade_location+entry_context,discount_zone|BREAKOUT,AVOID_PUBLIC,1,0.0,-1.0,-1.0,LOW,evitar_publico_temporalmente,recoger_mas_muestra_en_dev_paper
trade_location+entry_context,near_support|EXHAUSTION,AVOID_PUBLIC,1,0.0,-1.0,-1.0,LOW,evitar_publico_temporalmente,recoger_mas_muestra_en_dev_paper
trade_location+entry_context,mid_range|PULLBACK,AVOID_PUBLIC,1,0.0,-1.0,-1.0,LOW,evitar_publico_temporalmente,recoger_mas_muestra_en_dev_paper
trade_location+entry_context,premium_zone|EXHAUSTION,AVOID_PUBLIC,1,0.0,-1.0,-1.0,LOW,evitar_publico_temporalmente,recoger_mas_muestra_en_dev_paper
trade_location+entry_context,mid_range|CHOPPY_RANGE,AVOID_PUBLIC,1,0.0,-1.0,-1.0,LOW,evitar_publico_temporalmente,recoger_mas_muestra_en_dev_paper
trade_location+entry_context,near_resistance|CHOPPY_RANGE,AVOID_PUBLIC,1,0.0,-1.0,-1.0,LOW,evitar_publico_temporalmente,recoger_mas_muestra_en_dev_paper
direction,long,WATCHLIST,17,35.29,0.0835,1.4188,MEDIUM,monitorizar,mantener_en_watchlist
has_against_htf,True,WATCHLIST,14,35.71,0.0082,0.1146,MEDIUM,monitorizar,mantener_en_watchlist
session,OVERLAP,WATCHLIST,12,33.33,0.1182,1.4188,MEDIUM,monitorizar,mantener_en_watchlist
market_regime,TRENDING,WATCHLIST,12,41.67,0.326,3.912,MEDIUM,monitorizar,mantener_en_watchlist
session,LONDON,NEEDS_MORE_DATA,8,37.5,0.1189,0.951,LOW,no_tocar_estrategia,recoger_mas_labels
direction+market_regime,long|TRENDING,NEEDS_MORE_DATA,8,62.5,0.989,7.912,LOW,no_tocar_estrategia,recoger_mas_labels
entry_context,PULLBACK,NEEDS_MORE_DATA,7,28.57,-0.0775,-0.5422,LOW,no_tocar_estrategia,recoger_mas_labels
setup_type+entry_context,MAIN_SIGNAL|PULLBACK,NEEDS_MORE_DATA,7,28.57,-0.0775,-0.5422,LOW,no_tocar_estrategia,recoger_mas_labels
trade_location+entry_context,near_support|BREAKOUT,NEEDS_MORE_DATA,7,28.57,0.1079,0.7552,LOW,no_tocar_estrategia,recoger_mas_labels
trade_location,mid_range,NEEDS_MORE_DATA,7,42.86,0.1653,1.1568,LOW,no_tocar_estrategia,recoger_mas_labels
trade_location,near_resistance,NEEDS_MORE_DATA,6,33.33,0.0752,0.451,LOW,no_tocar_estrategia,recoger_mas_labels
market_regime+entry_context,TRENDING|BREAKOUT,NEEDS_MORE_DATA,6,66.67,1.2092,7.2552,LOW,no_tocar_estrategia,recoger_mas_labels
symbol,BNBUSDT,NEEDS_MORE_DATA,5,40.0,0.0,0.0,LOW,no_tocar_estrategia,recoger_mas_labels
setup_type+entry_context,MAIN_SIGNAL|BREAKOUT,NEEDS_MORE_DATA,5,40.0,0.551,2.7552,LOW,no_tocar_estrategia,recoger_mas_labels
trade_location+entry_context,mid_range|BREAKOUT,NEEDS_MORE_DATA,4,50.0,0.375,1.5,LOW,no_tocar_estrategia,recoger_mas_labels
trade_location+entry_context,near_resistance|BREAKOUT,NEEDS_MORE_DATA,3,33.33,-0.1667,-0.5,LOW,no_tocar_estrategia,recoger_mas_labels
entry_context,EXHAUSTION,NEEDS_MORE_DATA,3,33.33,-0.1144,-0.3432,LOW,no_tocar_estrategia,recoger_mas_labels
setup_type+entry_context,MAIN_SIGNAL|EXHAUSTION,NEEDS_MORE_DATA,3,33.33,-0.1144,-0.3432,LOW,no_tocar_estrategia,recoger_mas_labels
symbol,BTCUSDT,NEEDS_MORE_DATA,3,33.33,0.7517,2.2552,LOW,no_tocar_estrategia,recoger_mas_labels
market_regime+entry_context,RANGING|PULLBACK,NEEDS_MORE_DATA,2,50.0,0.2534,0.5068,LOW,no_tocar_estrategia,recoger_mas_labels
symbol,AVAXUSDT,NEEDS_MORE_DATA,2,50.0,0.2534,0.5068,LOW,no_tocar_estrategia,recoger_mas_labels
trade_location+entry_context,near_support|PULLBACK,NEEDS_MORE_DATA,2,50.0,0.2534,0.5068,LOW,no_tocar_estrategia,recoger_mas_labels
market_regime+entry_context,TRENDING|EXHAUSTION,NEEDS_MORE_DATA,2,50.0,0.3284,0.6568,LOW,no_tocar_estrategia,recoger_mas_labels
symbol,DOGEUSDT,NEEDS_MORE_DATA,2,50.0,0.5,1.0,LOW,no_tocar_estrategia,recoger_mas_labels
direction+market_regime,short|HIGH_VOLATILITY,NEEDS_MORE_DATA,2,50.0,0.9755,1.951,LOW,no_tocar_estrategia,recoger_mas_labels
trade_location+entry_context,near_resistance|PULLBACK,NEEDS_MORE_DATA,2,50.0,0.9755,1.951,LOW,no_tocar_estrategia,recoger_mas_labels
symbol,DOTUSDT,NEEDS_MORE_DATA,1,100.0,1.5,1.5,LOW,no_tocar_estrategia,recoger_mas_labels
trade_location+entry_context,mid_range|EXHAUSTION,NEEDS_MORE_DATA,1,100.0,1.6568,1.6568,LOW,no_tocar_estrategia,recoger_mas_labels
market_regime+entry_context,HIGH_VOLATILITY|PULLBACK,NEEDS_MORE_DATA,1,100.0,2.951,2.951,LOW,no_tocar_estrategia,recoger_mas_labels
symbol,INJUSDT,NEEDS_MORE_DATA,1,100.0,2.951,2.951,LOW,no_tocar_estrategia,recoger_mas_labels
direction+market_regime,short|LOW_VOLATILITY,NEEDS_MORE_DATA,0,0.0,0.0,0.0,LOW,no_tocar_estrategia,recoger_mas_labels
direction+market_regime,long|LOW_VOLATILITY,NEEDS_MORE_DATA,0,0.0,0.0,0.0,LOW,no_tocar_estrategia,recoger_mas_labels
entry_context,UNKNOWN,NEEDS_MORE_DATA,0,0.0,0.0,0.0,LOW,no_tocar_estrategia,recoger_mas_labels
entry_context,IMPULSE,NEEDS_MORE_DATA,0,0.0,0.0,0.0,LOW,no_tocar_estrategia,recoger_mas_labels
has_market_structure_range_penalty,True,NEEDS_MORE_DATA,0,0.0,0.0,0.0,LOW,no_tocar_estrategia,recoger_mas_labels
has_secondary_confluence_bonus,True,NEEDS_MORE_DATA,0,0.0,0.0,0.0,LOW,no_tocar_estrategia,recoger_mas_labels
market_regime,LOW_VOLATILITY,NEEDS_MORE_DATA,0,0.0,0.0,0.0,LOW,no_tocar_estrategia,recoger_mas_labels
market_regime+entry_context,LOW_VOLATILITY|BREAKOUT,NEEDS_MORE_DATA,0,0.0,0.0,0.0,LOW,no_tocar_estrategia,recoger_mas_labels
market_regime+entry_context,RANGING|UNKNOWN,NEEDS_MORE_DATA,0,0.0,0.0,0.0,LOW,no_tocar_estrategia,recoger_mas_labels
market_regime+entry_context,HIGH_VOLATILITY|UNKNOWN,NEEDS_MORE_DATA,0,0.0,0.0,0.0,LOW,no_tocar_estrategia,recoger_mas_labels
market_regime+entry_context,TRENDING|UNKNOWN,NEEDS_MORE_DATA,0,0.0,0.0,0.0,LOW,no_tocar_estrategia,recoger_mas_labels
market_regime+entry_context,LOW_VOLATILITY|UNKNOWN,NEEDS_MORE_DATA,0,0.0,0.0,0.0,LOW,no_tocar_estrategia,recoger_mas_labels
market_regime+entry_context,LOW_VOLATILITY|PULLBACK,NEEDS_MORE_DATA,0,0.0,0.0,0.0,LOW,no_tocar_estrategia,recoger_mas_labels
market_regime+entry_context,HIGH_VOLATILITY|EXHAUSTION,NEEDS_MORE_DATA,0,0.0,0.0,0.0,LOW,no_tocar_estrategia,recoger_mas_labels
market_regime+entry_context,HIGH_VOLATILITY|CHOPPY_RANGE,NEEDS_MORE_DATA,0,0.0,0.0,0.0,LOW,no_tocar_estrategia,recoger_mas_labels
market_regime+entry_context,HIGH_VOLATILITY|IMPULSE,NEEDS_MORE_DATA,0,0.0,0.0,0.0,LOW,no_tocar_estrategia,recoger_mas_labels
session,ASIA,NEEDS_MORE_DATA,0,0.0,0.0,0.0,LOW,no_tocar_estrategia,recoger_mas_labels
session,UNKNOWN,NEEDS_MORE_DATA,0,0.0,0.0,0.0,LOW,no_tocar_estrategia,recoger_mas_labels
setup_type,UNKNOWN,NEEDS_MORE_DATA,0,0.0,0.0,0.0,LOW,no_tocar_estrategia,recoger_mas_labels
setup_type,NO_SIGNAL,NEEDS_MORE_DATA,0,0.0,0.0,0.0,LOW,no_tocar_estrategia,recoger_mas_labels
setup_type+entry_context,UNKNOWN|BREAKOUT,NEEDS_MORE_DATA,0,0.0,0.0,0.0,LOW,no_tocar_estrategia,recoger_mas_labels
setup_type+entry_context,UNKNOWN|PULLBACK,NEEDS_MORE_DATA,0,0.0,0.0,0.0,LOW,no_tocar_estrategia,recoger_mas_labels
setup_type+entry_context,UNKNOWN|UNKNOWN,NEEDS_MORE_DATA,0,0.0,0.0,0.0,LOW,no_tocar_estrategia,recoger_mas_labels
setup_type+entry_context,NO_SIGNAL|EXHAUSTION,NEEDS_MORE_DATA,0,0.0,0.0,0.0,LOW,no_tocar_estrategia,recoger_mas_labels
setup_type+entry_context,NO_SIGNAL|CHOPPY_RANGE,NEEDS_MORE_DATA,0,0.0,0.0,0.0,LOW,no_tocar_estrategia,recoger_mas_labels
setup_type+entry_context,NO_SIGNAL|IMPULSE,NEEDS_MORE_DATA,0,0.0,0.0,0.0,LOW,no_tocar_estrategia,recoger_mas_labels
symbol,FTMUSDT,NEEDS_MORE_DATA,0,0.0,0.0,0.0,LOW,no_tocar_estrategia,recoger_mas_labels
symbol,MANAUSDT,NEEDS_MORE_DATA,0,0.0,0.0,0.0,LOW,no_tocar_estrategia,recoger_mas_labels
symbol,TAOUSDT,NEEDS_MORE_DATA,0,0.0,0.0,0.0,LOW,no_tocar_estrategia,recoger_mas_labels
symbol,ADAUSDT,NEEDS_MORE_DATA,0,0.0,0.0,0.0,LOW,no_tocar_estrategia,recoger_mas_labels
symbol,NEARUSDT,NEEDS_MORE_DATA,0,0.0,0.0,0.0,LOW,no_tocar_estrategia,recoger_mas_labels
symbol,PEPEUSDT,NEEDS_MORE_DATA,0,0.0,0.0,0.0,LOW,no_tocar_estrategia,recoger_mas_labels
symbol,BCHUSDT,NEEDS_MORE_DATA,0,0.0,0.0,0.0,LOW,no_tocar_estrategia,recoger_mas_labels
symbol,ARBUSDT,NEEDS_MORE_DATA,0,0.0,0.0,0.0,LOW,no_tocar_estrategia,recoger_mas_labels
symbol,AAVEUSDT,NEEDS_MORE_DATA,0,0.0,0.0,0.0,LOW,no_tocar_estrategia,recoger_mas_labels
symbol,SEIUSDT,NEEDS_MORE_DATA,0,0.0,0.0,0.0,LOW,no_tocar_estrategia,recoger_mas_labels
symbol,RUNEUSDT,NEEDS_MORE_DATA,0,0.0,0.0,0.0,LOW,no_tocar_estrategia,recoger_mas_labels
symbol,ALGOUSDT,NEEDS_MORE_DATA,0,0.0,0.0,0.0,LOW,no_tocar_estrategia,recoger_mas_labels
symbol,LINKUSDT,NEEDS_MORE_DATA,0,0.0,0.0,0.0,LOW,no_tocar_estrategia,recoger_mas_labels
symbol,FILUSDT,NEEDS_MORE_DATA,0,0.0,0.0,0.0,LOW,no_tocar_estrategia,recoger_mas_labels
symbol,OPUSDT,NEEDS_MORE_DATA,0,0.0,0.0,0.0,LOW,no_tocar_estrategia,recoger_mas_labels
symbol,WIFUSDT,NEEDS_MORE_DATA,0,0.0,0.0,0.0,LOW,no_tocar_estrategia,recoger_mas_labels
symbol,FETUSDT,NEEDS_MORE_DATA,0,0.0,0.0,0.0,LOW,no_tocar_estrategia,recoger_mas_labels
symbol,RENDERUSDT,NEEDS_MORE_DATA,0,0.0,0.0,0.0,LOW,no_tocar_estrategia,recoger_mas_labels
symbol,ARUSDT,NEEDS_MORE_DATA,0,0.0,0.0,0.0,LOW,no_tocar_estrategia,recoger_mas_labels
symbol,GALAUSDT,NEEDS_MORE_DATA,0,0.0,0.0,0.0,LOW,no_tocar_estrategia,recoger_mas_labels
symbol,HBARUSDT,NEEDS_MORE_DATA,0,0.0,0.0,0.0,LOW,no_tocar_estrategia,recoger_mas_labels
symbol,ENAUSDT,NEEDS_MORE_DATA,0,0.0,0.0,0.0,LOW,no_tocar_estrategia,recoger_mas_labels
symbol,JUPUSDT,NEEDS_MORE_DATA,0,0.0,0.0,0.0,LOW,no_tocar_estrategia,recoger_mas_labels
trade_location,UNKNOWN,NEEDS_MORE_DATA,0,0.0,0.0,0.0,LOW,no_tocar_estrategia,recoger_mas_labels
trade_location+entry_context,UNKNOWN|BREAKOUT,NEEDS_MORE_DATA,0,0.0,0.0,0.0,LOW,no_tocar_estrategia,recoger_mas_labels
trade_location+entry_context,UNKNOWN|PULLBACK,NEEDS_MORE_DATA,0,0.0,0.0,0.0,LOW,no_tocar_estrategia,recoger_mas_labels
trade_location+entry_context,UNKNOWN|UNKNOWN,NEEDS_MORE_DATA,0,0.0,0.0,0.0,LOW,no_tocar_estrategia,recoger_mas_labels
trade_location+entry_context,UNKNOWN|EXHAUSTION,NEEDS_MORE_DATA,0,0.0,0.0,0.0,LOW,no_tocar_estrategia,recoger_mas_labels
trade_location+entry_context,UNKNOWN|CHOPPY_RANGE,NEEDS_MORE_DATA,0,0.0,0.0,0.0,LOW,no_tocar_estrategia,recoger_mas_labels
trade_location+entry_context,UNKNOWN|IMPULSE,NEEDS_MORE_DATA,0,0.0,0.0,0.0,LOW,no_tocar_estrategia,recoger_mas_labels
