signal_id,timestamp,symbol,direction,entry,stop_loss,take_profit,time_barrier_bars,label,label_reason,result_r,max_r,min_r,bars_to_label,market_regime,session,entry_context,trade_location,setup_type,warnings,penalties
paper_574e48fcba32,2026-04-28T10:02:12.133433+00:00,SOLUSDT,long,83.64,83.330286,83.949714,24,SL_HIT,recorded_status_sl,-1.0,1.1624,-1.4207,4,RANGING,LONDON,CHOPPY_RANGE,near_support,MAIN_SIGNAL,"[""low_volume"", ""dirty_sideways_market"", ""against_htf""]",
paper_7e59b7f6c9e5,2026-04-28T10:02:16.307129+00:00,AVAXUSDT,short,9.15,9.330429,8.969571,24,SL_HIT,recorded_status_sl,-1.0,0.2217,-1.1085,12,RANGING,LONDON,BREAKOUT,discount_zone,SECONDARY_SIGNAL,[],
paper_649bf046a003,2026-04-28T14:14:33.249576+00:00,BTCUSDT,long,76189.84,75853.086,76526.594,24,SL_HIT,recorded_status_sl,-1.0,0.6589,-1.5538,3,TRENDING,OVERLAP,BREAKOUT,near_support,MAIN_SIGNAL,[],
paper_510c20e135f8,2026-04-28T14:14:38.968556+00:00,ETHUSDT,long,2276.36,2255.525143,2297.194857,24,TP_HIT,recorded_status_tp,1.6568,2.6676,-0.8697,9,TRENDING,OVERLAP,EXHAUSTION,mid_range,MAIN_SIGNAL,"[""against_htf""]",
paper_c94d19d20d84,2026-04-28T14:14:41.645716+00:00,SOLUSDT,long,83.55,83.102286,83.997714,24,SL_HIT,recorded_status_sl,-1.0,1.0051,-1.2731,3,TRENDING,OVERLAP,EXHAUSTION,near_support,MAIN_SIGNAL,"[""against_htf""]",
paper_17caaed62ea9,2026-04-28T14:14:43.767875+00:00,XRPUSDT,short,1.3781,1.403494,1.352706,24,TIMEOUT,recorded_status_timeout,-0.382,0.4529,-0.8467,24,TRENDING,OVERLAP,BREAKOUT,near_support,SECONDARY_SIGNAL,[],
paper_48a7dc3fae23,2026-04-28T14:14:45.748676+00:00,BNBUSDT,long,622.22,620.104857,624.335143,24,SL_HIT,recorded_status_sl,-1.0,0.6666,-1.5224,3,TRENDING,OVERLAP,PULLBACK,near_support,MAIN_SIGNAL,"[""against_htf""]",
paper_2d92dc2ee93c,2026-04-28T15:00:41.459369+00:00,BTCUSDT,long,75949.99,75590.901571,76309.078429,24,TP_HIT,recorded_status_tp,4.2552,4.5849,-0.7892,6,TRENDING,OVERLAP,BREAKOUT,near_support,MAIN_SIGNAL,[],
paper_bf945802b0be,2026-04-28T15:00:45.167918+00:00,XRPUSDT,short,1.3699,1.403561,1.336239,24,TIMEOUT,recorded_status_timeout,-0.7278,0.098,-0.8823,24,TRENDING,OVERLAP,BREAKOUT,near_support,SECONDARY_SIGNAL,"[""explosive_candle_without_pullback""]",
paper_72cb1df1ca8a,2026-04-28T15:00:45.883088+00:00,BNBUSDT,long,622.29,618.540286,626.039714,24,SL_HIT,recorded_status_sl,-1.0,1.0054,-1.6215,7,RANGING,OVERLAP,PULLBACK,mid_range,MAIN_SIGNAL,"[""against_htf""]",
paper_870fb8b37b42,2026-04-28T15:00:47.446088+00:00,AVAXUSDT,long,9.17,9.097,9.243,24,TP_HIT,recorded_status_tp,1.5068,2.4658,-0.8219,5,RANGING,OVERLAP,PULLBACK,near_support,MAIN_SIGNAL,"[""against_htf""]",
paper_6a4932df60ec,2026-04-29T13:13:09.111180+00:00,XRPUSDT,short,1.3833,1.408224,1.358376,24,TIMEOUT,recorded_status_timeout,-0.4775,0.67,-0.654,24,RANGING,LONDON,BREAKOUT,discount_zone,SECONDARY_SIGNAL,[],
paper_292d78d82e52,2026-04-29T13:13:10.433358+00:00,BNBUSDT,short,623.88,630.070857,617.689143,24,TP_HIT,recorded_status_tp,1.5,1.5345,-0.0517,5,RANGING,LONDON,BREAKOUT,near_support,SECONDARY_SIGNAL,[],
paper_0b7e085088d6,2026-04-29T14:31:31.479644+00:00,XRPUSDT,long,1.3758,1.368829,1.382771,24,SL_HIT,recorded_status_sl,-1.0,0.0,-1.205,1,RANGING,OVERLAP,BREAKOUT,near_support,MAIN_SIGNAL,"[""against_htf""]",
paper_ae3246da176e,2026-04-29T14:31:33.493087+00:00,BNBUSDT,short,622.17,630.106429,614.233571,24,TIMEOUT,recorded_status_timeout,0.3667,0.9815,-0.0844,24,RANGING,OVERLAP,BREAKOUT,near_support,SECONDARY_SIGNAL,[],
paper_dcc18262f0d7,2026-04-29T17:01:29.578609+00:00,DOGEUSDT,short,0.10229,0.112442,0.092138,24,TIMEOUT,recorded_status_timeout,-0.6413,0.0,-0.8136,24,HIGH_VOLATILITY,OVERLAP,BREAKOUT,discount_zone,SECONDARY_SIGNAL,"[""against_htf""]",
paper_d765e905e49e,2026-05-01T10:12:58.032276+00:00,DOGEUSDT,short,0.10774,0.110055,0.105425,24,SL_HIT,recorded_status_sl,-1.0,0.1987,-1.2138,5,HIGH_VOLATILITY,LONDON,BREAKOUT,mid_range,SECONDARY_SIGNAL,"[""low_volume"", ""against_htf""]",
paper_0fb769a9b409,2026-05-02T12:12:45.394516+00:00,DOGEUSDT,long,0.10773,0.107293,0.108167,24,TIMEOUT,recorded_status_timeout,1.0,3.524,-0.2746,24,RANGING,LONDON,CHOPPY_RANGE,near_support,MAIN_SIGNAL,"[""low_volume"", ""dirty_sideways_market""]",
live_1abe8095a83a,2026-05-02T14:18:47.675842+00:00,DOGEUSDT,long,0.1086,0.107024,0.111752,24,TP_HIT,recorded_status_tp,2.0,,,,TRENDING,OVERLAP,BREAKOUT,mid_range,SECONDARY_SIGNAL,"[""explosive_candle_without_pullback""]",
paper_4dce208723e8,2026-05-02T14:18:47.676762+00:00,DOGEUSDT,long,0.1086,0.107024,0.110176,24,TIMEOUT,recorded_status_timeout,-0.2855,0.4251,-0.5457,24,TRENDING,OVERLAP,BREAKOUT,mid_range,SECONDARY_SIGNAL,"[""explosive_candle_without_pullback""]",
live_40ef80972b50,2026-05-03T20:02:59.793778+00:00,ETHUSDT,long,2335.59,2295.654143,2415.461714,24,SL_HIT,recorded_status_sl,-1.0,,,,RANGING,NEW_YORK,BREAKOUT,near_resistance,SECONDARY_SIGNAL,[],
paper_cfd80d8f0768,2026-05-03T20:02:59.795374+00:00,ETHUSDT,long,2335.59,2295.654143,2375.525857,24,TIMEOUT,recorded_status_timeout,0.6813,0.9585,-0.5156,24,RANGING,NEW_YORK,BREAKOUT,near_resistance,SECONDARY_SIGNAL,[],
paper_9d0959333eaa,2026-05-03T20:03:04.362777+00:00,AVAXUSDT,long,9.13,8.959429,9.300571,24,TIMEOUT,recorded_status_timeout,0.4104,0.938,-0.4104,24,RANGING,NEW_YORK,CHOPPY_RANGE,premium_zone,SECONDARY_SIGNAL,"[""low_volume"", ""dirty_sideways_market"", ""against_htf""]",
paper_761736d12cde,2026-05-03T21:09:23.924277+00:00,ETHUSDT,short,2329.58,2346.419857,2312.740143,24,SL_HIT,recorded_status_sl,-1.0,0.8658,-2.6301,21,RANGING,NEW_YORK,EXHAUSTION,premium_zone,MAIN_SIGNAL,"[""against_htf""]",
paper_6625a749995c,2026-05-03T21:09:24.731412+00:00,SOLUSDT,short,84.34,84.789286,83.890714,24,SL_HIT,recorded_status_sl,-1.0,1.0238,-1.4913,21,TRENDING,NEW_YORK,PULLBACK,premium_zone,MAIN_SIGNAL,[],
paper_5e7adc183cfe,2026-05-03T21:32:25.147336+00:00,DOTUSDT,long,1.217,1.202614,1.231386,24,TP_HIT,recorded_status_tp,1.5,2.0854,-0.6951,16,TRENDING,NEW_YORK,BREAKOUT,mid_range,SECONDARY_SIGNAL,"[""against_htf""]",
paper_ba0155acfc12,2026-05-03T21:32:35.893221+00:00,UNIUSDT,short,3.248,3.271943,3.224057,24,SL_HIT,recorded_status_sl,-1.0,1.1694,-6.4737,16,RANGING,NEW_YORK,CHOPPY_RANGE,premium_zone,MAIN_SIGNAL,"[""dirty_sideways_market""]",
paper_5b11b8734db4,2026-05-03T21:32:36.725503+00:00,ETCUSDT,short,8.5,8.547429,8.452571,24,SL_HIT,recorded_status_sl,-1.0,0.8434,-4.006,16,RANGING,NEW_YORK,CHOPPY_RANGE,premium_zone,MAIN_SIGNAL,"[""low_volume"", ""dirty_sideways_market"", ""against_htf""]",
paper_9551b8ea4490,2026-05-03T21:32:39.779548+00:00,FTMUSDT,long,0.6994,0.687989,0.710811,24,UNKNOWN,missing_price_path,,,,,HIGH_VOLATILITY,ASIA,PULLBACK,near_support,MAIN_SIGNAL,"[""against_htf""]",
paper_18fa8219a378,2026-05-03T21:32:43.208675+00:00,SANDUSDT,short,0.0726,0.073073,0.072127,24,SL_HIT,recorded_status_sl,-1.0,1.4799,-3.3827,16,TRENDING,NEW_YORK,PULLBACK,premium_zone,MAIN_SIGNAL,[],
paper_c2a7427b5ef2,2026-05-03T21:32:43.883684+00:00,MANAUSDT,short,0.0886,0.090906,0.086294,24,UNKNOWN,missing_price_path,,,,,TRENDING,NEW_YORK,BREAKOUT,near_support,SECONDARY_SIGNAL,[],
paper_52df9213dbae,2026-05-03T21:32:44.888096+00:00,APEUSDT,long,0.1677,0.16661,0.16879,24,SL_HIT,recorded_status_sl,-1.0,1.9266,-3.4862,11,HIGH_VOLATILITY,NEW_YORK,BREAKOUT,near_support,MAIN_SIGNAL,[],
live_c719f8234807,2026-05-03T21:32:48.922905+00:00,TAOUSDT,long,293.3,281.142857,317.614286,24,UNKNOWN,missing_price_path,,,,,HIGH_VOLATILITY,NEW_YORK,BREAKOUT,near_resistance,SECONDARY_SIGNAL,[],
paper_8695c459ec94,2026-05-03T21:32:48.923600+00:00,TAOUSDT,long,293.3,281.142857,305.457143,24,UNKNOWN,missing_price_path,,,,,HIGH_VOLATILITY,NEW_YORK,BREAKOUT,near_resistance,SECONDARY_SIGNAL,[],
,2026-05-03T22:03:50.611455+00:00,DOGEUSDT,short,0.10815,,,24,UNKNOWN,missing_required_data,,,,,TRENDING,,BREAKOUT,,,,
,2026-05-03T22:03:51.421154+00:00,AVAXUSDT,short,9.08,,,24,UNKNOWN,missing_required_data,,,,,TRENDING,,PULLBACK,,,,
,2026-05-03T22:03:52.491585+00:00,ADAUSDT,short,0.2493,,,24,UNKNOWN,missing_required_data,,,,,RANGING,,BREAKOUT,,,,
,2026-05-03T22:03:56.892928+00:00,NEARUSDT,short,1.273,,,24,UNKNOWN,missing_required_data,,,,,TRENDING,,PULLBACK,,,,
paper_0e98126cf137,2026-05-03T22:04:00.287137+00:00,ATOMUSDT,short,1.882,1.898843,1.865157,24,SL_HIT,recorded_status_sl,-1.0,0.475,-1.7812,5,RANGING,NEW_YORK,CHOPPY_RANGE,mid_range,SECONDARY_SIGNAL,"[""dirty_sideways_market""]",
paper_9ce2ecd24c06,2026-05-03T22:04:02.004560+00:00,INJUSDT,short,3.735,3.814357,3.655643,24,UNKNOWN,missing_price_path,,,,,HIGH_VOLATILITY,NEW_YORK,BREAKOUT,discount_zone,SECONDARY_SIGNAL,"[""against_htf""]",
paper_b1367e894fdb,2026-05-03T22:04:03.546962+00:00,SUIUSDT,short,0.9219,0.931606,0.912194,24,SL_HIT,recorded_status_sl,-1.0,0.3503,-2.1327,5,TRENDING,NEW_YORK,BREAKOUT,mid_range,SECONDARY_SIGNAL,[],
live_fd924d88740f,2026-05-03T22:04:08.780604+00:00,ICPUSDT,short,2.337,2.372614,2.265772,24,SL_HIT,recorded_status_sl,-1.0,,,,RANGING,NEW_YORK,BREAKOUT,near_support,SECONDARY_SIGNAL,[],
paper_144552f73407,2026-05-03T22:04:08.781203+00:00,ICPUSDT,short,2.337,2.372614,2.301386,24,SL_HIT,recorded_status_sl,-1.0,0.1685,-1.797,5,RANGING,NEW_YORK,BREAKOUT,near_support,SECONDARY_SIGNAL,[],
,2026-05-03T22:04:14.463756+00:00,MANAUSDT,short,0.0882,,,24,UNKNOWN,missing_required_data,,,,,TRENDING,,BREAKOUT,,,,
live_87e6d7c41019,2026-05-03T22:04:14.495927+00:00,MANAUSDT,short,0.0882,0.090911,0.082777,24,UNKNOWN,missing_price_path,,,,,TRENDING,NEW_YORK,BREAKOUT,near_support,SECONDARY_SIGNAL,[],
paper_3f9347f376ea,2026-05-03T22:04:14.496437+00:00,MANAUSDT,short,0.0882,0.090911,0.085489,24,UNKNOWN,missing_price_path,,,,,TRENDING,NEW_YORK,BREAKOUT,near_support,SECONDARY_SIGNAL,[],
,2026-05-03T22:04:15.999514+00:00,PEPEUSDT,short,3.93e-06,,,24,UNKNOWN,missing_required_data,,,,,LOW_VOLATILITY,,BREAKOUT,,,,
paper_3e2e395fa307,2026-05-04T08:57:05.981783+00:00,TRXUSDT,short,0.3392,0.340653,0.337747,24,SL_HIT,recorded_status_sl,-1.0,0.0,-1.1012,1,RANGING,LONDON,CHOPPY_RANGE,near_resistance,MAIN_SIGNAL,"[""against_htf""]",
paper_60d54e32edf8,2026-05-04T08:57:13.788292+00:00,INJUSDT,short,3.793,3.819771,3.766229,24,TP_HIT,recorded_status_tp,2.951,3.8848,0.0,1,HIGH_VOLATILITY,LONDON,PULLBACK,near_resistance,MAIN_SIGNAL,"[""against_htf""]",
paper_dfaabddaca9f,2026-05-04T11:58:41.919637+00:00,BTCUSDT,long,78940.26,78076.566429,79803.953571,24,TIMEOUT,recorded_status_timeout,1.0,1.8582,-0.5097,24,RANGING,LONDON,BREAKOUT,discount_zone,MAIN_SIGNAL,[],
,2026-05-04T11:58:43.293501+00:00,ETHUSDT,short,2338.36,,,24,UNKNOWN,missing_required_data,,,,,HIGH_VOLATILITY,,BREAKOUT,,,,
paper_3b6bbdf6fe27,2026-05-04T11:58:43.328517+00:00,ETHUSDT,short,2338.36,2403.762857,2272.957143,24,TIMEOUT,recorded_status_timeout,-0.1795,0.1934,-0.6642,24,HIGH_VOLATILITY,LONDON,BREAKOUT,discount_zone,SECONDARY_SIGNAL,"[""against_htf""]",
paper_28fabf15fceb,2026-05-04T11:58:44.107222+00:00,SOLUSDT,long,84.04,83.077,85.003,24,TIMEOUT,recorded_status_timeout,1.0,1.3292,-0.4673,24,HIGH_VOLATILITY,LONDON,BREAKOUT,discount_zone,MAIN_SIGNAL,"[""against_htf""]",
,2026-05-04T11:58:46.323821+00:00,DOGEUSDT,short,0.11029,,,24,UNKNOWN,missing_required_data,,,,,HIGH_VOLATILITY,,BREAKOUT,,,,
paper_e7ca9f6c80dc,2026-05-04T11:58:46.348655+00:00,DOGEUSDT,short,0.11029,0.114148,0.106432,24,TIMEOUT,recorded_status_timeout,-0.21,0.1763,-0.6143,24,HIGH_VOLATILITY,LONDON,BREAKOUT,mid_range,SECONDARY_SIGNAL,"[""against_htf""]",
,2026-05-04T12:01:37.324225+00:00,BCHUSDT,short,444.0,,,24,UNKNOWN,missing_required_data,,,,,TRENDING,,PULLBACK,,,,
paper_e9f6a1a0d741,2026-05-04T12:01:41.521155+00:00,ARBUSDT,long,0.1145,0.113354,0.115646,24,UNKNOWN,missing_price_path,,,,,HIGH_VOLATILITY,LONDON,PULLBACK,near_support,MAIN_SIGNAL,"[""against_htf""]",
,2026-05-04T12:06:36.019733+00:00,BTCUSDT,long,78793.67,,,24,UNKNOWN,missing_required_data,,,,,RANGING,,,,,,
,2026-05-04T12:06:40.549540+00:00,AVAXUSDT,long,9.14,,,24,UNKNOWN,missing_required_data,,,,,HIGH_VOLATILITY,,,,,,
,2026-05-04T12:06:42.980050+00:00,DOTUSDT,long,1.22,,,24,UNKNOWN,missing_required_data,,,,,HIGH_VOLATILITY,,,,,,
,2026-05-04T12:06:43.668874+00:00,TRXUSDT,long,0.34,,,24,UNKNOWN,missing_required_data,,,,,RANGING,,,,,,
,2026-05-04T12:06:45.228873+00:00,BCHUSDT,short,444.0,,,24,UNKNOWN,missing_required_data,,,,,TRENDING,,,,,,
,2026-05-04T12:06:45.920711+00:00,UNIUSDT,long,3.281,,,24,UNKNOWN,missing_required_data,,,,,HIGH_VOLATILITY,,,,,,
,2026-05-04T12:06:46.640464+00:00,ATOMUSDT,long,1.878,,,24,UNKNOWN,missing_required_data,,,,,HIGH_VOLATILITY,,,,,,
,2026-05-04T12:06:51.806131+00:00,AAVEUSDT,long,92.11,,,24,UNKNOWN,missing_required_data,,,,,HIGH_VOLATILITY,,,,,,
,2026-05-04T12:06:53.408460+00:00,SEIUSDT,long,0.05875,,,24,UNKNOWN,missing_required_data,,,,,HIGH_VOLATILITY,,,,,,
,2026-05-04T12:06:57.093832+00:00,PEPEUSDT,long,3.99e-06,,,24,UNKNOWN,missing_required_data,,,,,LOW_VOLATILITY,,,,,,
,2026-05-04T12:06:59.166092+00:00,RUNEUSDT,long,0.519,,,24,UNKNOWN,missing_required_data,,,,,HIGH_VOLATILITY,,,,,,
,2026-05-04T12:07:02.854443+00:00,ETCUSDT,long,8.63,,,24,UNKNOWN,missing_required_data,,,,,HIGH_VOLATILITY,,,,,,
,2026-05-04T12:07:04.383946+00:00,ALGOUSDT,long,0.1126,,,24,UNKNOWN,missing_required_data,,,,,HIGH_VOLATILITY,,,,,,
,2026-05-04T15:39:53.615983+00:00,BTCUSDT,long,80216.16,,,24,UNKNOWN,missing_required_data,,,,,HIGH_VOLATILITY,,,,,,
live_efd7ae349e3f,2026-05-04T15:39:54.864055+00:00,BTCUSDT,long,80216.16,78059.472429,84529.535143,24,SL_HIT,recorded_status_sl,-1.0,,,,HIGH_VOLATILITY,OVERLAP,BREAKOUT,near_resistance,SECONDARY_SIGNAL,"[""high_spread""]",
,2026-05-04T15:39:55.679365+00:00,ETHUSDT,long,2371.39,,,24,UNKNOWN,missing_required_data,,,,,HIGH_VOLATILITY,,,,,,
live_102ed603d427,2026-05-04T15:39:56.744863+00:00,ETHUSDT,long,2371.39,2304.380857,2505.408286,24,SL_HIT,recorded_status_sl,-1.0,,,,HIGH_VOLATILITY,OVERLAP,BREAKOUT,premium_zone,SECONDARY_SIGNAL,[],
paper_97ee20e661cc,2026-05-04T15:39:56.748001+00:00,ETHUSDT,long,2371.39,2304.380857,2438.399143,24,SL_HIT,recorded_status_sl,-1.0,0.2562,-3.8933,24,HIGH_VOLATILITY,OVERLAP,BREAKOUT,premium_zone,SECONDARY_SIGNAL,[],
,2026-05-04T15:39:57.542352+00:00,SOLUSDT,long,84.99,,,24,UNKNOWN,missing_required_data,,,,,HIGH_VOLATILITY,,,,,,
,2026-05-04T15:39:58.437836+00:00,XRPUSDT,long,1.4081,,,24,UNKNOWN,missing_required_data,,,,,HIGH_VOLATILITY,,,,,,
,2026-05-04T15:39:59.189373+00:00,BNBUSDT,long,627.19,,,24,UNKNOWN,missing_required_data,,,,,RANGING,,,,,,
,2026-05-04T15:40:01.864421+00:00,DOGEUSDT,long,0.11203,,,24,UNKNOWN,missing_required_data,,,,,HIGH_VOLATILITY,,,,,,
,2026-05-04T15:40:03.910275+00:00,AVAXUSDT,long,9.23,,,24,UNKNOWN,missing_required_data,,,,,HIGH_VOLATILITY,,,,,,
,2026-05-04T16:10:59.062089+00:00,ETHUSDT,long,2350.1,,,24,UNKNOWN,missing_required_data,,,,,HIGH_VOLATILITY,,,,,,
,2026-05-04T16:11:00.278933+00:00,SOLUSDT,long,84.47,,,24,UNKNOWN,missing_required_data,,,,,HIGH_VOLATILITY,,,,,,
,2026-05-04T16:11:01.011143+00:00,XRPUSDT,long,1.399,,,24,UNKNOWN,missing_required_data,,,,,HIGH_VOLATILITY,,,,,,
,2026-05-04T16:11:03.181585+00:00,DOGEUSDT,long,0.11023,,,24,UNKNOWN,missing_required_data,,,,,HIGH_VOLATILITY,,,,,,
,2026-05-04T20:47:04.438084+00:00,ETHUSDT,long,2356.52,,,24,UNKNOWN,missing_required_data,,,,,HIGH_VOLATILITY,,,,,,
,2026-05-04T20:47:07.606183+00:00,BNBUSDT,long,624.93,,,24,UNKNOWN,missing_required_data,,,,,TRENDING,,,,,,
,2026-05-04T20:47:08.440751+00:00,DOGEUSDT,long,0.11042,,,24,UNKNOWN,missing_required_data,,,,,HIGH_VOLATILITY,,,,,,
,2026-05-04T21:02:10.354246+00:00,BTCUSDT,long,79936.7,,,24,UNKNOWN,missing_required_data,,,,,HIGH_VOLATILITY,,,,,,
,2026-05-04T21:02:11.682534+00:00,ETHUSDT,long,2350.15,,,24,UNKNOWN,missing_required_data,,,,,HIGH_VOLATILITY,,,,,,
,2026-05-04T21:02:12.420009+00:00,SOLUSDT,long,84.09,,,24,UNKNOWN,missing_required_data,,,,,HIGH_VOLATILITY,,,,,,
,2026-05-04T21:02:13.137048+00:00,XRPUSDT,long,1.3931,,,24,UNKNOWN,missing_required_data,,,,,HIGH_VOLATILITY,,,,,,
,2026-05-04T21:02:14.836404+00:00,DOGEUSDT,long,0.11024,,,24,UNKNOWN,missing_required_data,,,,,HIGH_VOLATILITY,,,,,,
,2026-05-04T21:02:15.674618+00:00,AVAXUSDT,long,9.15,,,24,UNKNOWN,missing_required_data,,,,,HIGH_VOLATILITY,,,,,,
,2026-05-04T21:05:16.843683+00:00,BTCUSDT,long,79936.7,,,24,UNKNOWN,missing_required_data,,,,,HIGH_VOLATILITY,,,,,,
,2026-05-04T21:05:17.740737+00:00,ETHUSDT,long,2350.15,,,24,UNKNOWN,missing_required_data,,,,,HIGH_VOLATILITY,,,,,,
,2026-05-04T21:05:18.953464+00:00,SOLUSDT,long,84.09,,,24,UNKNOWN,missing_required_data,,,,,HIGH_VOLATILITY,,,,,,
,2026-05-04T21:05:19.735213+00:00,XRPUSDT,long,1.3931,,,24,UNKNOWN,missing_required_data,,,,,HIGH_VOLATILITY,,,,,,
,2026-05-04T21:05:21.300078+00:00,DOGEUSDT,long,0.11024,,,24,UNKNOWN,missing_required_data,,,,,HIGH_VOLATILITY,,,,,,
,2026-05-04T21:05:22.113686+00:00,AVAXUSDT,long,9.15,,,24,UNKNOWN,missing_required_data,,,,,HIGH_VOLATILITY,,,,,,
,2026-05-04T21:05:23.329128+00:00,ADAUSDT,long,0.2498,,,24,UNKNOWN,missing_required_data,,,,,HIGH_VOLATILITY,,,,,,
,2026-05-04T21:05:23.330248+00:00,ADAUSDT,long,0.2498,,,24,UNKNOWN,missing_required_data,,,,,HIGH_VOLATILITY,,,,,,
,2026-05-04T21:05:24.139813+00:00,LINKUSDT,short,9.34,,,24,UNKNOWN,missing_required_data,,,,,HIGH_VOLATILITY,,,,,,
,2026-05-04T21:05:24.140699+00:00,LINKUSDT,short,9.34,,,24,UNKNOWN,missing_required_data,,,,,HIGH_VOLATILITY,,,,,,
,2026-05-04T21:05:24.875177+00:00,DOTUSDT,long,1.226,,,24,UNKNOWN,missing_required_data,,,,,HIGH_VOLATILITY,,,,,,
,2026-05-04T21:05:24.876303+00:00,DOTUSDT,long,1.226,,,24,UNKNOWN,missing_required_data,,,,,HIGH_VOLATILITY,,,,,,
,2026-05-04T21:05:28.684373+00:00,TRXUSDT,long,0.341,,,24,UNKNOWN,missing_required_data,,,,,RANGING,,,,,,
,2026-05-04T21:05:28.685485+00:00,TRXUSDT,long,0.341,,,24,UNKNOWN,missing_required_data,,,,,RANGING,,,,,,
,2026-05-04T21:05:29.881633+00:00,UNIUSDT,long,3.265,,,24,UNKNOWN,missing_required_data,,,,,HIGH_VOLATILITY,,,,,,
,2026-05-04T21:05:29.882782+00:00,UNIUSDT,long,3.265,,,24,UNKNOWN,missing_required_data,,,,,HIGH_VOLATILITY,,,,,,
,2026-05-04T21:05:33.361085+00:00,FILUSDT,long,0.934,,,24,UNKNOWN,missing_required_data,,,,,HIGH_VOLATILITY,,,,,,
,2026-05-04T21:05:33.362273+00:00,FILUSDT,long,0.934,,,24,UNKNOWN,missing_required_data,,,,,HIGH_VOLATILITY,,,,,,
,2026-05-04T21:05:35.146322+00:00,ARBUSDT,short,0.1156,,,24,UNKNOWN,missing_required_data,,,,,HIGH_VOLATILITY,,,,,,
,2026-05-04T21:05:35.147501+00:00,ARBUSDT,short,0.1156,,,24,UNKNOWN,missing_required_data,,,,,HIGH_VOLATILITY,,,,,,
,2026-05-04T21:05:36.035236+00:00,OPUSDT,long,0.1232,,,24,UNKNOWN,missing_required_data,,,,,HIGH_VOLATILITY,,,,,,
,2026-05-04T21:05:36.036398+00:00,OPUSDT,long,0.1232,,,24,UNKNOWN,missing_required_data,,,,,HIGH_VOLATILITY,,,,,,
,2026-05-04T21:05:37.065158+00:00,AAVEUSDT,short,92.11,,,24,UNKNOWN,missing_required_data,,,,,HIGH_VOLATILITY,,,,,,
,2026-05-04T21:05:37.066504+00:00,AAVEUSDT,short,92.11,,,24,UNKNOWN,missing_required_data,,,,,HIGH_VOLATILITY,,,,,,
,2026-05-04T21:05:37.965134+00:00,NEARUSDT,short,1.27,,,24,UNKNOWN,missing_required_data,,,,,HIGH_VOLATILITY,,,,,,
,2026-05-04T21:05:37.966549+00:00,NEARUSDT,short,1.27,,,24,UNKNOWN,missing_required_data,,,,,HIGH_VOLATILITY,,,,,,
,2026-05-04T21:05:41.067029+00:00,SUIUSDT,long,0.9305,,,24,UNKNOWN,missing_required_data,,,,,HIGH_VOLATILITY,,,,,,
,2026-05-04T21:05:41.068225+00:00,SUIUSDT,long,0.9305,,,24,UNKNOWN,missing_required_data,,,,,HIGH_VOLATILITY,,,,,,
,2026-05-04T21:05:43.224203+00:00,SEIUSDT,long,0.05862,,,24,UNKNOWN,missing_required_data,,,,,HIGH_VOLATILITY,,,,,,
,2026-05-04T21:05:43.225442+00:00,SEIUSDT,long,0.05862,,,24,UNKNOWN,missing_required_data,,,,,HIGH_VOLATILITY,,,,,,
,2026-05-04T21:05:45.119531+00:00,WIFUSDT,long,0.19,,,24,UNKNOWN,missing_required_data,,,,,HIGH_VOLATILITY,,,,,,
,2026-05-04T21:05:45.120550+00:00,WIFUSDT,long,0.19,,,24,UNKNOWN,missing_required_data,,,,,HIGH_VOLATILITY,,,,,,
,2026-05-04T21:05:47.022138+00:00,FETUSDT,long,0.2032,,,24,UNKNOWN,missing_required_data,,,,,HIGH_VOLATILITY,,,,,,
,2026-05-04T21:05:47.023418+00:00,FETUSDT,long,0.2032,,,24,UNKNOWN,missing_required_data,,,,,HIGH_VOLATILITY,,,,,,
,2026-05-04T21:05:48.041050+00:00,RENDERUSDT,long,1.824,,,24,UNKNOWN,missing_required_data,,,,,HIGH_VOLATILITY,,,,,,
,2026-05-04T21:05:48.042347+00:00,RENDERUSDT,long,1.824,,,24,UNKNOWN,missing_required_data,,,,,HIGH_VOLATILITY,,,,,,
,2026-05-04T21:05:48.928076+00:00,ARUSDT,short,2.08,,,24,UNKNOWN,missing_required_data,,,,,HIGH_VOLATILITY,,BREAKOUT,,,,
,2026-05-04T21:05:48.929174+00:00,ARUSDT,short,2.08,,,24,UNKNOWN,missing_required_data,,,,,HIGH_VOLATILITY,,,,,,
,2026-05-04T21:05:48.930363+00:00,ARUSDT,short,2.08,,,24,UNKNOWN,missing_required_data,,,,,HIGH_VOLATILITY,,,,,,
,2026-05-04T21:05:49.935761+00:00,SANDUSDT,long,0.0731,,,24,UNKNOWN,missing_required_data,,,,,HIGH_VOLATILITY,,,,,,
,2026-05-04T21:05:49.937059+00:00,SANDUSDT,long,0.0731,,,24,UNKNOWN,missing_required_data,,,,,HIGH_VOLATILITY,,,,,,
,2026-05-04T21:05:51.049577+00:00,GALAUSDT,short,0.00312,,,24,UNKNOWN,missing_required_data,,,,,HIGH_VOLATILITY,,,,,,
,2026-05-04T21:05:51.050851+00:00,GALAUSDT,short,0.00312,,,24,UNKNOWN,missing_required_data,,,,,HIGH_VOLATILITY,,,,,,
,2026-05-04T21:05:52.234981+00:00,MANAUSDT,short,0.0871,,,24,UNKNOWN,missing_required_data,,,,,HIGH_VOLATILITY,,,,,,
,2026-05-04T21:05:52.236289+00:00,MANAUSDT,short,0.0871,,,24,UNKNOWN,missing_required_data,,,,,HIGH_VOLATILITY,,,,,,
,2026-05-04T21:05:52.986257+00:00,ALGOUSDT,long,0.1131,,,24,UNKNOWN,missing_required_data,,,,,HIGH_VOLATILITY,,,,,,
,2026-05-04T21:05:52.987691+00:00,ALGOUSDT,long,0.1131,,,24,UNKNOWN,missing_required_data,,,,,HIGH_VOLATILITY,,,,,,
,2026-05-04T21:05:53.905042+00:00,ICPUSDT,long,2.363,,,24,UNKNOWN,missing_required_data,,,,,HIGH_VOLATILITY,,,,,,
,2026-05-04T21:05:53.906461+00:00,ICPUSDT,long,2.363,,,24,UNKNOWN,missing_required_data,,,,,HIGH_VOLATILITY,,,,,,
,2026-05-04T21:05:54.892069+00:00,HBARUSDT,short,0.0876,,,24,UNKNOWN,missing_required_data,,,,,RANGING,,,,,,
,2026-05-04T21:05:54.893471+00:00,HBARUSDT,short,0.0876,,,24,UNKNOWN,missing_required_data,,,,,RANGING,,,,,,
,2026-05-04T21:05:55.757083+00:00,ENAUSDT,short,0.1009,,,24,UNKNOWN,missing_required_data,,,,,HIGH_VOLATILITY,,,,,,
,2026-05-04T21:05:55.758549+00:00,ENAUSDT,short,0.1009,,,24,UNKNOWN,missing_required_data,,,,,HIGH_VOLATILITY,,,,,,
,2026-05-04T21:05:56.649287+00:00,JUPUSDT,long,0.179,,,24,UNKNOWN,missing_required_data,,,,,HIGH_VOLATILITY,,,,,,
,2026-05-04T21:05:56.650592+00:00,JUPUSDT,long,0.179,,,24,UNKNOWN,missing_required_data,,,,,HIGH_VOLATILITY,,,,,,
,2026-05-05T08:09:48.738340+00:00,BTCUSDT,long,80855.59,,,24,UNKNOWN,missing_required_data,,,,,TRENDING,,,,,,
,2026-05-05T08:09:54.443176+00:00,DOGEUSDT,long,0.11145,,,24,UNKNOWN,missing_required_data,,,,,RANGING,,,,,,
paper_533b605e2755,2026-05-05T09:08:35.759240+00:00,BNBUSDT,short,627.32,629.345714,625.294286,24,SL_HIT,recorded_status_sl,-1.0,0.6812,-8.0811,14,TRENDING,LONDON,PULLBACK,near_resistance,MAIN_SIGNAL,[],
,2026-05-05T09:08:36.510848+00:00,DOGEUSDT,long,0.11163,,,24,UNKNOWN,missing_required_data,,,,,RANGING,,,,,,
,2026-05-05T10:10:31.166359+00:00,BTCUSDT,long,80586.02,,,24,UNKNOWN,missing_required_data,,,,,TRENDING,,,,,,
,2026-05-05T10:10:32.035394+00:00,ETHUSDT,long,2369.6,,,24,UNKNOWN,missing_required_data,,,,,RANGING,,,,,,
,2026-05-05T10:10:33.979612+00:00,XRPUSDT,long,1.4035,,,24,UNKNOWN,missing_required_data,,,,,TRENDING,,,,,,
,2026-05-05T10:10:35.490478+00:00,DOGEUSDT,long,0.1111,,,24,UNKNOWN,missing_required_data,,,,,RANGING,,,,,,
,2026-05-05T11:13:50.502619+00:00,BTCUSDT,long,80823.61,,,24,UNKNOWN,missing_required_data,,,,,TRENDING,,,,,,
,2026-05-05T11:13:51.501294+00:00,ETHUSDT,long,2378.41,,,24,UNKNOWN,missing_required_data,,,,,RANGING,,,,,,
,2026-05-05T11:13:55.021836+00:00,DOGEUSDT,long,0.11179,,,24,UNKNOWN,missing_required_data,,,,,RANGING,,,,,,
,2026-05-05T12:02:05.866150+00:00,BTCUSDT,long,81014.05,,,24,UNKNOWN,missing_required_data,,,,,TRENDING,,,,,,
paper_94c6bf61c022,2026-05-05T12:02:09.639805+00:00,BNBUSDT,long,628.59,622.159143,635.020857,24,TP_HIT,recorded_status_tp,1.5,2.3481,-0.1026,3,TRENDING,LONDON,BREAKOUT,near_resistance,MAIN_SIGNAL,"[""against_htf""]",
sig_5d7d56755d4c,2026-05-13T10:45:40.009466+00:00,BTCUSDT,long,267.95,266.468571,281.9,24,UNKNOWN,missing_price_path,,,,,HIGH_VOLATILITY,,PULLBACK,,MAIN_SIGNAL,,
sig_698017d35c66,2026-05-13T10:45:40.012268+00:00,BTCUSDT,short,,,,24,UNKNOWN,missing_required_data,,,,,LOW_VOLATILITY,,PULLBACK,,MAIN_SIGNAL,"[""low_atr""]",
sig_781730d7ff21,2026-05-13T10:45:40.013471+00:00,ETHUSDT,short,,,,24,UNKNOWN,missing_required_data,,,,,LOW_VOLATILITY,,PULLBACK,,MAIN_SIGNAL,"[""low_atr""]",
sig_09e1dbbe4963,2026-05-13T10:45:40.028633+00:00,BTCUSDT,long,267.95,266.468571,281.9,24,UNKNOWN,missing_price_path,,,,,HIGH_VOLATILITY,,PULLBACK,,MAIN_SIGNAL,,
sig_33657c6ec74c,2026-05-15T09:19:25.018331+00:00,BTCUSDT,long,267.95,266.468571,281.9,24,UNKNOWN,missing_price_path,,,,,HIGH_VOLATILITY,,PULLBACK,,MAIN_SIGNAL,,
sig_d8ee4020cfa9,2026-05-15T09:19:25.021217+00:00,BTCUSDT,short,,,,24,UNKNOWN,missing_required_data,,,,,LOW_VOLATILITY,,PULLBACK,,MAIN_SIGNAL,"[""low_atr""]",
sig_b7c8dc15f9a2,2026-05-15T09:19:25.022427+00:00,ETHUSDT,short,,,,24,UNKNOWN,missing_required_data,,,,,LOW_VOLATILITY,,PULLBACK,,MAIN_SIGNAL,"[""low_atr""]",
sig_a358c46fdf1c,2026-05-15T09:19:25.037358+00:00,BTCUSDT,long,267.95,266.468571,281.9,24,UNKNOWN,missing_price_path,,,,,HIGH_VOLATILITY,,PULLBACK,,MAIN_SIGNAL,,
sig_5f7a61933413,2026-05-18T11:46:44.615379+00:00,BTCUSDT,long,267.95,266.468571,281.9,24,UNKNOWN,missing_price_path,,,,,HIGH_VOLATILITY,,PULLBACK,,MAIN_SIGNAL,,
sig_7600a0dd7284,2026-05-18T11:46:44.618364+00:00,BTCUSDT,short,,,,24,UNKNOWN,missing_required_data,,,,,LOW_VOLATILITY,,PULLBACK,,MAIN_SIGNAL,"[""low_atr""]",
sig_c5bc12972585,2026-05-18T11:46:44.619546+00:00,ETHUSDT,short,,,,24,UNKNOWN,missing_required_data,,,,,LOW_VOLATILITY,,PULLBACK,,MAIN_SIGNAL,"[""low_atr""]",
sig_866bbeb010b8,2026-05-18T11:46:44.634339+00:00,BTCUSDT,long,267.95,266.468571,281.9,24,UNKNOWN,missing_price_path,,,,,HIGH_VOLATILITY,,PULLBACK,,MAIN_SIGNAL,,
sig_70d343691dbf,2026-05-18T11:47:00.664257+00:00,BTCUSDT,long,267.95,266.468571,281.9,24,UNKNOWN,missing_price_path,,,,,HIGH_VOLATILITY,,PULLBACK,,MAIN_SIGNAL,,
sig_71cd0901bf16,2026-05-18T11:47:00.667028+00:00,BTCUSDT,short,,,,24,UNKNOWN,missing_required_data,,,,,LOW_VOLATILITY,,PULLBACK,,MAIN_SIGNAL,"[""low_atr""]",
sig_c20a73cc4e09,2026-05-18T11:47:00.668353+00:00,ETHUSDT,short,,,,24,UNKNOWN,missing_required_data,,,,,LOW_VOLATILITY,,PULLBACK,,MAIN_SIGNAL,"[""low_atr""]",
sig_097bde9f0005,2026-05-18T11:47:00.683401+00:00,BTCUSDT,long,267.95,266.468571,281.9,24,UNKNOWN,missing_price_path,,,,,HIGH_VOLATILITY,,PULLBACK,,MAIN_SIGNAL,,
sig_61419fc71e0a,2026-05-18T11:51:36.863401+00:00,BTCUSDT,long,267.95,266.468571,281.9,24,UNKNOWN,missing_price_path,,,,,HIGH_VOLATILITY,,PULLBACK,,MAIN_SIGNAL,,
sig_1762e6561375,2026-05-18T11:51:36.866235+00:00,BTCUSDT,short,,,,24,UNKNOWN,missing_required_data,,,,,LOW_VOLATILITY,,PULLBACK,,MAIN_SIGNAL,"[""low_atr""]",
sig_0314ad45b603,2026-05-18T11:51:36.867463+00:00,ETHUSDT,short,,,,24,UNKNOWN,missing_required_data,,,,,LOW_VOLATILITY,,PULLBACK,,MAIN_SIGNAL,"[""low_atr""]",
sig_2f2cdb74b9f1,2026-05-18T11:51:36.882610+00:00,BTCUSDT,long,267.95,266.468571,281.9,24,UNKNOWN,missing_price_path,,,,,HIGH_VOLATILITY,,PULLBACK,,MAIN_SIGNAL,,
sig_0b871f738554,2026-05-18T11:55:36.397696+00:00,BTCUSDT,long,267.95,266.468571,281.9,24,UNKNOWN,missing_price_path,,,,,HIGH_VOLATILITY,,PULLBACK,,MAIN_SIGNAL,,
sig_fb030fe10980,2026-05-18T11:55:36.400488+00:00,BTCUSDT,short,,,,24,UNKNOWN,missing_required_data,,,,,LOW_VOLATILITY,,PULLBACK,,MAIN_SIGNAL,"[""low_atr""]",
sig_b363352d404c,2026-05-18T11:55:36.401694+00:00,ETHUSDT,short,,,,24,UNKNOWN,missing_required_data,,,,,LOW_VOLATILITY,,PULLBACK,,MAIN_SIGNAL,"[""low_atr""]",
sig_ea70b0a64fde,2026-05-18T11:55:36.416906+00:00,BTCUSDT,long,267.95,266.468571,281.9,24,UNKNOWN,missing_price_path,,,,,HIGH_VOLATILITY,,PULLBACK,,MAIN_SIGNAL,,
sig_376c054e79a9,2026-05-18T12:19:10.044919+00:00,BTCUSDT,long,267.95,266.468571,281.9,24,UNKNOWN,missing_price_path,,,,,HIGH_VOLATILITY,,PULLBACK,,MAIN_SIGNAL,,
sig_b816f078ebed,2026-05-18T12:19:10.048769+00:00,BTCUSDT,short,,,,24,UNKNOWN,missing_required_data,,,,,LOW_VOLATILITY,,PULLBACK,,MAIN_SIGNAL,"[""low_atr""]",
sig_acee7ce451fa,2026-05-18T12:19:10.050098+00:00,ETHUSDT,short,,,,24,UNKNOWN,missing_required_data,,,,,LOW_VOLATILITY,,PULLBACK,,MAIN_SIGNAL,"[""low_atr""]",
sig_08b4bcd649fc,2026-05-18T12:19:10.065360+00:00,BTCUSDT,long,267.95,266.468571,281.9,24,UNKNOWN,missing_price_path,,,,,HIGH_VOLATILITY,,PULLBACK,,MAIN_SIGNAL,,
,2026-05-18T12:21:05.799305+00:00,BTCUSDT,long,77285.83,,,24,UNKNOWN,missing_required_data,,,,,RANGING,,,,,,
paper_c240f47bac3f,2026-05-18T12:21:05.950969+00:00,BTCUSDT,long,77285.83,76492.941143,78078.718857,24,UNKNOWN,missing_price_path,,,,,RANGING,LONDON,BREAKOUT,mid_range,SECONDARY_SIGNAL,"[""against_htf""]","[""market_structure_range_penalty:10"", ""distance_to_liquidity_penalty:10"", ""secondary_confluence_bonus:+25""]"
sig_ef43e0db8f1b,2026-05-18T12:21:05.952428+00:00,BTCUSDT,long,,,,24,UNKNOWN,missing_required_data,,,,,RANGING,,BREAKOUT,,SECONDARY_SIGNAL,"[""against_htf""]","[""market_structure_range_penalty:10"", ""distance_to_liquidity_penalty:10"", ""secondary_confluence_bonus:+25""]"
,2026-05-18T12:21:06.708773+00:00,ETHUSDT,long,2133.9,,,24,UNKNOWN,missing_required_data,,,,,HIGH_VOLATILITY,,,,,,
sig_fba1e240961f,2026-05-18T12:21:06.744645+00:00,ETHUSDT,long,,,,24,UNKNOWN,missing_required_data,,,,,HIGH_VOLATILITY,,BREAKOUT,,SECONDARY_SIGNAL,"[""against_htf""]","[""market_structure_range_penalty:10"", ""distance_to_liquidity_penalty:10"", ""secondary_confluence_bonus:+30""]"
,2026-05-18T12:21:07.510733+00:00,SOLUSDT,short,84.96,,,24,UNKNOWN,missing_required_data,,,,,HIGH_VOLATILITY,,,,,,
sig_f196e3b69617,2026-05-18T12:21:07.537218+00:00,SOLUSDT,short,,,,24,UNKNOWN,missing_required_data,,,,,HIGH_VOLATILITY,,EXHAUSTION,,NO_SIGNAL,,"[""market_structure_range_penalty:10"", ""secondary_confluence_bonus:+15""]"
,2026-05-18T12:21:08.255111+00:00,XRPUSDT,short,1.3904,,,24,UNKNOWN,missing_required_data,,,,,HIGH_VOLATILITY,,,,,,
sig_a83d506f9181,2026-05-18T12:21:08.284220+00:00,XRPUSDT,short,,,,24,UNKNOWN,missing_required_data,,,,,HIGH_VOLATILITY,,EXHAUSTION,,NO_SIGNAL,,"[""market_structure_range_penalty:10"", ""distance_to_liquidity_penalty:10"", ""secondary_confluence_bonus:+15""]"
,2026-05-18T12:21:09.121424+00:00,BNBUSDT,short,641.75,,,24,UNKNOWN,missing_required_data,,,,,TRENDING,,,,,,
sig_04ba5641c8fc,2026-05-18T12:21:09.146289+00:00,BNBUSDT,short,,,,24,UNKNOWN,missing_required_data,,,,,TRENDING,,EXHAUSTION,,NO_SIGNAL,,"[""distance_to_liquidity_penalty:10"", ""secondary_confluence_bonus:+15""]"
,2026-05-18T12:21:10.051665+00:00,DOGEUSDT,short,0.10507,,,24,UNKNOWN,missing_required_data,,,,,HIGH_VOLATILITY,,,,,,
sig_848ec5066fa1,2026-05-18T12:21:10.093613+00:00,DOGEUSDT,short,,,,24,UNKNOWN,missing_required_data,,,,,HIGH_VOLATILITY,,EXHAUSTION,,NO_SIGNAL,,"[""market_structure_range_penalty:10"", ""distance_to_liquidity_penalty:10"", ""secondary_confluence_bonus:+15""]"
,2026-05-18T12:21:10.973461+00:00,AVAXUSDT,short,9.16,,,24,UNKNOWN,missing_required_data,,,,,HIGH_VOLATILITY,,,,,,
sig_d3296a91a59b,2026-05-18T12:21:11.012082+00:00,AVAXUSDT,short,,,,24,UNKNOWN,missing_required_data,,,,,HIGH_VOLATILITY,,CHOPPY_RANGE,,NO_SIGNAL,"[""dirty_sideways_market""]","[""market_structure_range_penalty:10"", ""secondary_confluence_bonus:+15""]"
sig_1721373269c1,2026-05-18T12:36:17.027265+00:00,BTCUSDT,long,,,,24,UNKNOWN,missing_required_data,,,,,RANGING,,BREAKOUT,,SECONDARY_SIGNAL,"[""against_htf""]","[""market_structure_range_penalty:10"", ""distance_to_liquidity_penalty:10"", ""secondary_confluence_bonus:+25""]"
sig_4dab0b7e2add,2026-05-18T12:36:17.761804+00:00,ETHUSDT,long,,,,24,UNKNOWN,missing_required_data,,,,,HIGH_VOLATILITY,,BREAKOUT,,SECONDARY_SIGNAL,"[""against_htf""]","[""market_structure_range_penalty:10"", ""distance_to_liquidity_penalty:10"", ""secondary_confluence_bonus:+30""]"
sig_d449f98c93b6,2026-05-18T12:36:18.542574+00:00,SOLUSDT,short,,,,24,UNKNOWN,missing_required_data,,,,,HIGH_VOLATILITY,,EXHAUSTION,,NO_SIGNAL,,"[""market_structure_range_penalty:10"", ""secondary_confluence_bonus:+15""]"
sig_8d0b9df7f8a0,2026-05-18T12:36:19.482146+00:00,XRPUSDT,short,,,,24,UNKNOWN,missing_required_data,,,,,HIGH_VOLATILITY,,EXHAUSTION,,NO_SIGNAL,,"[""market_structure_range_penalty:10"", ""distance_to_liquidity_penalty:10"", ""secondary_confluence_bonus:+15""]"
sig_1b2a4218fcbd,2026-05-18T12:36:20.328579+00:00,BNBUSDT,short,,,,24,UNKNOWN,missing_required_data,,,,,TRENDING,,EXHAUSTION,,NO_SIGNAL,,"[""distance_to_liquidity_penalty:10"", ""secondary_confluence_bonus:+15""]"
sig_db2d2f661f49,2026-05-18T12:36:21.342032+00:00,DOGEUSDT,short,,,,24,UNKNOWN,missing_required_data,,,,,HIGH_VOLATILITY,,EXHAUSTION,,NO_SIGNAL,,"[""market_structure_range_penalty:10"", ""distance_to_liquidity_penalty:10"", ""secondary_confluence_bonus:+15""]"
sig_81192711e7e0,2026-05-18T12:36:22.179708+00:00,AVAXUSDT,short,,,,24,UNKNOWN,missing_required_data,,,,,HIGH_VOLATILITY,,CHOPPY_RANGE,,NO_SIGNAL,"[""dirty_sideways_market""]","[""market_structure_range_penalty:10"", ""secondary_confluence_bonus:+15""]"
sig_394dded52ea5,2026-05-18T12:51:28.347054+00:00,BTCUSDT,long,,,,24,UNKNOWN,missing_required_data,,,,,RANGING,,BREAKOUT,,SECONDARY_SIGNAL,"[""against_htf""]","[""market_structure_range_penalty:10"", ""distance_to_liquidity_penalty:10"", ""secondary_confluence_bonus:+25""]"
sig_e31cfa78ec00,2026-05-18T12:51:29.041518+00:00,ETHUSDT,long,,,,24,UNKNOWN,missing_required_data,,,,,HIGH_VOLATILITY,,BREAKOUT,,SECONDARY_SIGNAL,"[""against_htf""]","[""market_structure_range_penalty:10"", ""distance_to_liquidity_penalty:10"", ""secondary_confluence_bonus:+30""]"
sig_d47b86556784,2026-05-18T12:51:30.236440+00:00,SOLUSDT,short,,,,24,UNKNOWN,missing_required_data,,,,,HIGH_VOLATILITY,,EXHAUSTION,,NO_SIGNAL,,"[""market_structure_range_penalty:10"", ""secondary_confluence_bonus:+15""]"
sig_847c99a6d076,2026-05-18T12:51:31.363361+00:00,XRPUSDT,short,,,,24,UNKNOWN,missing_required_data,,,,,HIGH_VOLATILITY,,EXHAUSTION,,NO_SIGNAL,,"[""market_structure_range_penalty:10"", ""distance_to_liquidity_penalty:10"", ""secondary_confluence_bonus:+15""]"
sig_ca06aef7aca8,2026-05-18T12:51:32.136916+00:00,BNBUSDT,short,,,,24,UNKNOWN,missing_required_data,,,,,TRENDING,,EXHAUSTION,,NO_SIGNAL,,"[""distance_to_liquidity_penalty:10"", ""secondary_confluence_bonus:+15""]"
sig_cd00b1e6916f,2026-05-18T12:51:32.929145+00:00,DOGEUSDT,short,,,,24,UNKNOWN,missing_required_data,,,,,HIGH_VOLATILITY,,EXHAUSTION,,NO_SIGNAL,,"[""market_structure_range_penalty:10"", ""distance_to_liquidity_penalty:10"", ""secondary_confluence_bonus:+15""]"
sig_a1a65648c272,2026-05-18T12:51:33.709343+00:00,AVAXUSDT,short,,,,24,UNKNOWN,missing_required_data,,,,,HIGH_VOLATILITY,,CHOPPY_RANGE,,NO_SIGNAL,"[""dirty_sideways_market""]","[""market_structure_range_penalty:10"", ""secondary_confluence_bonus:+15""]"
,2026-05-18T13:20:14.853202+00:00,BTCUSDT,long,77639.98,,,24,UNKNOWN,missing_required_data,,,,,RANGING,,,,,,
paper_aa237df3887b,2026-05-18T13:20:15.011989+00:00,BTCUSDT,long,77639.98,76493.8,78786.16,24,UNKNOWN,missing_price_path,,,,,RANGING,LONDON,BREAKOUT,mid_range,SECONDARY_SIGNAL,"[""against_htf""]","[""market_structure_range_penalty:10"", ""secondary_confluence_bonus:+30""]"
sig_6f75754753c8,2026-05-18T13:20:15.013403+00:00,BTCUSDT,long,,,,24,UNKNOWN,missing_required_data,,,,,RANGING,,BREAKOUT,,SECONDARY_SIGNAL,"[""against_htf""]","[""market_structure_range_penalty:10"", ""secondary_confluence_bonus:+30""]"
,2026-05-18T13:20:15.810082+00:00,ETHUSDT,long,2151.01,,,24,UNKNOWN,missing_required_data,,,,,HIGH_VOLATILITY,,,,,,
sig_540bc6ede09f,2026-05-18T13:20:15.853855+00:00,ETHUSDT,long,,,,24,UNKNOWN,missing_required_data,,,,,HIGH_VOLATILITY,,BREAKOUT,,SECONDARY_SIGNAL,"[""against_htf""]","[""market_structure_range_penalty:10"", ""secondary_confluence_bonus:+30""]"
,2026-05-18T13:20:16.548002+00:00,SOLUSDT,long,85.57,,,24,UNKNOWN,missing_required_data,,,,,HIGH_VOLATILITY,,,,,,
sig_c84ef6f5d0e5,2026-05-18T13:20:16.579366+00:00,SOLUSDT,long,,,,24,UNKNOWN,missing_required_data,,,,,HIGH_VOLATILITY,,BREAKOUT,,SECONDARY_SIGNAL,"[""against_htf""]","[""market_structure_range_penalty:10"", ""secondary_confluence_bonus:+30""]"
,2026-05-18T13:20:17.317935+00:00,XRPUSDT,long,1.399,,,24,UNKNOWN,missing_required_data,,,,,HIGH_VOLATILITY,,,,,,
paper_be44114552a6,2026-05-18T13:20:17.362334+00:00,XRPUSDT,long,1.399,1.368769,1.429231,24,UNKNOWN,missing_price_path,,,,,HIGH_VOLATILITY,LONDON,CHOPPY_RANGE,mid_range,SECONDARY_SIGNAL,"[""dirty_sideways_market"", ""against_htf""]","[""market_structure_range_penalty:10"", ""secondary_confluence_bonus:+25""]"
sig_3e106eec3912,2026-05-18T13:20:17.364971+00:00,XRPUSDT,long,,,,24,UNKNOWN,missing_required_data,,,,,HIGH_VOLATILITY,,CHOPPY_RANGE,,SECONDARY_SIGNAL,"[""dirty_sideways_market"", ""against_htf""]","[""market_structure_range_penalty:10"", ""secondary_confluence_bonus:+25""]"
,2026-05-18T13:20:18.091492+00:00,BNBUSDT,short,643.28,,,24,UNKNOWN,missing_required_data,,,,,RANGING,,,,,,
sig_f55cfdd9f689,2026-05-18T13:20:18.132855+00:00,BNBUSDT,short,,,,24,UNKNOWN,missing_required_data,,,,,RANGING,,EXHAUSTION,,NO_SIGNAL,,"[""market_structure_range_penalty:10"", ""distance_to_liquidity_penalty:10"", ""secondary_confluence_bonus:+20""]"
,2026-05-18T13:20:18.875601+00:00,DOGEUSDT,short,0.10638,,,24,UNKNOWN,missing_required_data,,,,,HIGH_VOLATILITY,,,,,,
sig_18e1657b7677,2026-05-18T13:20:18.916745+00:00,DOGEUSDT,short,,,,24,UNKNOWN,missing_required_data,,,,,HIGH_VOLATILITY,,IMPULSE,,NO_SIGNAL,"[""explosive_candle_without_pullback""]","[""market_structure_range_penalty:10"", ""distance_to_liquidity_penalty:10"", ""secondary_confluence_bonus:+20""]"
,2026-05-18T13:20:19.588731+00:00,AVAXUSDT,short,9.2,,,24,UNKNOWN,missing_required_data,,,,,HIGH_VOLATILITY,,,,,,
sig_bde6984526b1,2026-05-18T13:20:19.629214+00:00,AVAXUSDT,short,,,,24,UNKNOWN,missing_required_data,,,,,HIGH_VOLATILITY,,CHOPPY_RANGE,,NO_SIGNAL,"[""low_volume"", ""dirty_sideways_market""]","[""market_structure_range_penalty:10"", ""secondary_confluence_bonus:+15""]"
sig_505089cfc123,2026-05-21T06:49:26.452365+00:00,BTCUSDT,long,267.95,266.468571,281.9,24,UNKNOWN,missing_price_path,,,,,HIGH_VOLATILITY,,PULLBACK,,MAIN_SIGNAL,,
sig_e2b89f0b96db,2026-05-21T06:49:26.457047+00:00,BTCUSDT,short,,,,24,UNKNOWN,missing_required_data,,,,,LOW_VOLATILITY,,PULLBACK,,MAIN_SIGNAL,"[""low_atr""]",
sig_a5075c3d2c56,2026-05-21T06:49:26.458528+00:00,ETHUSDT,short,,,,24,UNKNOWN,missing_required_data,,,,,LOW_VOLATILITY,,PULLBACK,,MAIN_SIGNAL,"[""low_atr""]",
sig_4bb47904750a,2026-05-21T06:49:26.474518+00:00,BTCUSDT,long,267.95,266.468571,281.9,24,UNKNOWN,missing_price_path,,,,,HIGH_VOLATILITY,,PULLBACK,,MAIN_SIGNAL,,
sig_f6ae556cae4d,2026-05-21T06:56:14.321182+00:00,BTCUSDT,long,267.95,266.468571,281.9,24,UNKNOWN,missing_price_path,,,,,HIGH_VOLATILITY,,PULLBACK,,MAIN_SIGNAL,,
sig_f3b18f3f2e5f,2026-05-21T06:56:14.326379+00:00,BTCUSDT,short,,,,24,UNKNOWN,missing_required_data,,,,,LOW_VOLATILITY,,PULLBACK,,MAIN_SIGNAL,"[""low_atr""]",
sig_95f965f520fb,2026-05-21T06:56:14.327893+00:00,ETHUSDT,short,,,,24,UNKNOWN,missing_required_data,,,,,LOW_VOLATILITY,,PULLBACK,,MAIN_SIGNAL,"[""low_atr""]",
sig_d9aee80d7ea1,2026-05-21T06:56:14.344157+00:00,BTCUSDT,long,267.95,266.468571,281.9,24,UNKNOWN,missing_price_path,,,,,HIGH_VOLATILITY,,PULLBACK,,MAIN_SIGNAL,,
sig_bc30a6c8a6ea,2026-05-21T07:02:29.527807+00:00,BTCUSDT,long,267.95,266.468571,281.9,24,UNKNOWN,missing_price_path,,,,,HIGH_VOLATILITY,,PULLBACK,,MAIN_SIGNAL,,
sig_a189e4453734,2026-05-21T07:02:29.532891+00:00,BTCUSDT,short,,,,24,UNKNOWN,missing_required_data,,,,,LOW_VOLATILITY,,PULLBACK,,MAIN_SIGNAL,"[""low_atr""]",
sig_27d5f8fd4538,2026-05-21T07:02:29.534442+00:00,ETHUSDT,short,,,,24,UNKNOWN,missing_required_data,,,,,LOW_VOLATILITY,,PULLBACK,,MAIN_SIGNAL,"[""low_atr""]",
sig_76f0856f11f6,2026-05-21T07:02:29.551015+00:00,BTCUSDT,long,267.95,266.468571,281.9,24,UNKNOWN,missing_price_path,,,,,HIGH_VOLATILITY,,PULLBACK,,MAIN_SIGNAL,,
sig_849e35d9ee1e,2026-05-21T17:17:12.720855+00:00,BTCUSDT,long,267.95,266.468571,281.9,24,UNKNOWN,missing_price_path,,,,,HIGH_VOLATILITY,,PULLBACK,,MAIN_SIGNAL,,
sig_5f430d0c39e4,2026-05-21T17:17:18.051065+00:00,BTCUSDT,short,,,,24,UNKNOWN,missing_required_data,,,,,LOW_VOLATILITY,,PULLBACK,,MAIN_SIGNAL,"[""low_atr""]",
sig_c0f400f670be,2026-05-21T17:17:18.052528+00:00,ETHUSDT,short,,,,24,UNKNOWN,missing_required_data,,,,,LOW_VOLATILITY,,PULLBACK,,MAIN_SIGNAL,"[""low_atr""]",
sig_c1a5a3da3e87,2026-05-21T17:17:18.070034+00:00,BTCUSDT,long,267.95,266.468571,281.9,24,UNKNOWN,missing_price_path,,,,,HIGH_VOLATILITY,,PULLBACK,,MAIN_SIGNAL,,
sig_12d50df301da,2026-05-24T18:18:24.486248+00:00,BTCUSDT,long,267.95,266.468571,281.9,24,UNKNOWN,missing_price_path,,,,,HIGH_VOLATILITY,,PULLBACK,,MAIN_SIGNAL,,
sig_7e378c10d840,2026-05-24T18:18:24.491780+00:00,BTCUSDT,short,,,,24,UNKNOWN,missing_required_data,,,,,LOW_VOLATILITY,,PULLBACK,,MAIN_SIGNAL,"[""low_atr""]",
sig_5acf01651014,2026-05-24T18:18:24.493495+00:00,ETHUSDT,short,,,,24,UNKNOWN,missing_required_data,,,,,LOW_VOLATILITY,,PULLBACK,,MAIN_SIGNAL,"[""low_atr""]",
sig_78badd0ef2af,2026-05-24T18:18:24.510590+00:00,BTCUSDT,long,267.95,266.468571,281.9,24,UNKNOWN,missing_price_path,,,,,HIGH_VOLATILITY,,PULLBACK,,MAIN_SIGNAL,,
sig_f9640f33f3fc,2026-05-24T18:25:27.327984+00:00,BTCUSDT,long,267.95,266.468571,281.9,24,UNKNOWN,missing_price_path,,,,,HIGH_VOLATILITY,,PULLBACK,,MAIN_SIGNAL,,
sig_4eccce2c8ce8,2026-05-24T18:26:27.147554+00:00,BTCUSDT,long,267.95,266.468571,281.9,24,UNKNOWN,missing_price_path,,,,,HIGH_VOLATILITY,,PULLBACK,,MAIN_SIGNAL,,
sig_41fe9ba72676,2026-05-24T18:26:31.370600+00:00,BTCUSDT,short,,,,24,UNKNOWN,missing_required_data,,,,,LOW_VOLATILITY,,PULLBACK,,MAIN_SIGNAL,"[""low_atr""]",
sig_0a5687d9667e,2026-05-24T18:26:31.372177+00:00,ETHUSDT,short,,,,24,UNKNOWN,missing_required_data,,,,,LOW_VOLATILITY,,PULLBACK,,MAIN_SIGNAL,"[""low_atr""]",
sig_4d2cb6eaaef1,2026-05-24T18:26:31.389511+00:00,BTCUSDT,long,267.95,266.468571,281.9,24,UNKNOWN,missing_price_path,,,,,HIGH_VOLATILITY,,PULLBACK,,MAIN_SIGNAL,,
sig_ff3438dfcfd9,2026-05-24T18:48:40.081609+00:00,BTCUSDT,long,267.95,266.468571,281.9,24,UNKNOWN,missing_price_path,,,,,HIGH_VOLATILITY,,PULLBACK,,MAIN_SIGNAL,,
sig_54a9f292265d,2026-05-24T18:49:01.212111+00:00,BTCUSDT,long,267.95,266.468571,281.9,24,UNKNOWN,missing_price_path,,,,,HIGH_VOLATILITY,,PULLBACK,,MAIN_SIGNAL,,
sig_66c83c240c69,2026-05-24T18:49:05.123112+00:00,BTCUSDT,short,,,,24,UNKNOWN,missing_required_data,,,,,LOW_VOLATILITY,,PULLBACK,,MAIN_SIGNAL,"[""low_atr""]",
sig_cc0ce63049d8,2026-05-24T18:49:05.124856+00:00,ETHUSDT,short,,,,24,UNKNOWN,missing_required_data,,,,,LOW_VOLATILITY,,PULLBACK,,MAIN_SIGNAL,"[""low_atr""]",
sig_d0b4cbf46eb3,2026-05-24T18:49:05.142994+00:00,BTCUSDT,long,267.95,266.468571,281.9,24,UNKNOWN,missing_price_path,,,,,HIGH_VOLATILITY,,PULLBACK,,MAIN_SIGNAL,,
sig_09dd5d458262,2026-05-24T19:00:19.114745+00:00,BTCUSDT,long,267.95,266.468571,281.9,24,UNKNOWN,missing_price_path,,,,,HIGH_VOLATILITY,,PULLBACK,,MAIN_SIGNAL,,
sig_98aa18a6913d,2026-05-24T19:00:19.117941+00:00,BTCUSDT,short,,,,24,UNKNOWN,missing_required_data,,,,,LOW_VOLATILITY,,PULLBACK,,MAIN_SIGNAL,"[""low_atr""]",
sig_559a583e8f68,2026-05-24T19:00:19.119509+00:00,ETHUSDT,short,,,,24,UNKNOWN,missing_required_data,,,,,LOW_VOLATILITY,,PULLBACK,,MAIN_SIGNAL,"[""low_atr""]",
sig_7957a491eb3c,2026-05-24T19:00:19.136556+00:00,BTCUSDT,long,267.95,266.468571,281.9,24,UNKNOWN,missing_price_path,,,,,HIGH_VOLATILITY,,PULLBACK,,MAIN_SIGNAL,,
sig_6b186c36df20,2026-05-24T19:04:02.360779+00:00,BTCUSDT,long,267.95,266.468571,281.9,24,UNKNOWN,missing_price_path,,,,,HIGH_VOLATILITY,,PULLBACK,,MAIN_SIGNAL,,
sig_2a5bd45d5a3b,2026-05-24T19:04:02.366532+00:00,BTCUSDT,short,,,,24,UNKNOWN,missing_required_data,,,,,LOW_VOLATILITY,,PULLBACK,,MAIN_SIGNAL,"[""low_atr""]",
sig_1d38f6edac84,2026-05-24T19:04:02.368149+00:00,ETHUSDT,short,,,,24,UNKNOWN,missing_required_data,,,,,LOW_VOLATILITY,,PULLBACK,,MAIN_SIGNAL,"[""low_atr""]",
sig_5df14a2d884c,2026-05-24T19:04:02.385576+00:00,BTCUSDT,long,267.95,266.468571,281.9,24,UNKNOWN,missing_price_path,,,,,HIGH_VOLATILITY,,PULLBACK,,MAIN_SIGNAL,,
sig_c805dcdfd353,2026-05-24T19:11:54.951423+00:00,BTCUSDT,long,267.95,266.468571,281.9,24,UNKNOWN,missing_price_path,,,,,HIGH_VOLATILITY,,PULLBACK,,MAIN_SIGNAL,,
sig_2f46b31d1df0,2026-05-24T19:11:54.957285+00:00,BTCUSDT,short,,,,24,UNKNOWN,missing_required_data,,,,,LOW_VOLATILITY,,PULLBACK,,MAIN_SIGNAL,"[""low_atr""]",
sig_213f87213cbd,2026-05-24T19:11:54.959163+00:00,ETHUSDT,short,,,,24,UNKNOWN,missing_required_data,,,,,LOW_VOLATILITY,,PULLBACK,,MAIN_SIGNAL,"[""low_atr""]",
sig_22d08193b644,2026-05-24T19:11:54.978530+00:00,BTCUSDT,long,267.95,266.468571,281.9,24,UNKNOWN,missing_price_path,,,,,HIGH_VOLATILITY,,PULLBACK,,MAIN_SIGNAL,,
sig_37696a7ca71d,2026-05-24T19:12:06.112514+00:00,BTCUSDT,long,267.95,266.468571,281.9,24,UNKNOWN,missing_price_path,,,,,HIGH_VOLATILITY,,PULLBACK,,MAIN_SIGNAL,,
sig_2814b5a28df0,2026-05-24T19:12:06.116357+00:00,BTCUSDT,short,,,,24,UNKNOWN,missing_required_data,,,,,LOW_VOLATILITY,,PULLBACK,,MAIN_SIGNAL,"[""low_atr""]",
sig_a0b2eb0a6a8d,2026-05-24T19:12:06.118259+00:00,ETHUSDT,short,,,,24,UNKNOWN,missing_required_data,,,,,LOW_VOLATILITY,,PULLBACK,,MAIN_SIGNAL,"[""low_atr""]",
sig_ac22f19ec4d7,2026-05-24T19:12:06.137606+00:00,BTCUSDT,long,267.95,266.468571,281.9,24,UNKNOWN,missing_price_path,,,,,HIGH_VOLATILITY,,PULLBACK,,MAIN_SIGNAL,,
sig_f7d5d4bbd399,2026-05-24T19:16:24.996678+00:00,BTCUSDT,long,267.95,266.468571,281.9,24,UNKNOWN,missing_price_path,,,,,HIGH_VOLATILITY,,PULLBACK,,MAIN_SIGNAL,,
sig_77eeb6c33cd7,2026-05-24T19:16:25.002482+00:00,BTCUSDT,short,,,,24,UNKNOWN,missing_required_data,,,,,LOW_VOLATILITY,,PULLBACK,,MAIN_SIGNAL,"[""low_atr""]",
sig_a61daca583b4,2026-05-24T19:16:25.004343+00:00,ETHUSDT,short,,,,24,UNKNOWN,missing_required_data,,,,,LOW_VOLATILITY,,PULLBACK,,MAIN_SIGNAL,"[""low_atr""]",
sig_8c2504c257de,2026-05-24T19:16:25.023700+00:00,BTCUSDT,long,267.95,266.468571,281.9,24,UNKNOWN,missing_price_path,,,,,HIGH_VOLATILITY,,PULLBACK,,MAIN_SIGNAL,,
sig_14df0691ce4e,2026-05-24T19:17:14.751194+00:00,BTCUSDT,long,267.95,266.468571,281.9,24,UNKNOWN,missing_price_path,,,,,HIGH_VOLATILITY,,PULLBACK,,MAIN_SIGNAL,,
sig_afb9d1db62f7,2026-05-24T19:17:14.754792+00:00,BTCUSDT,short,,,,24,UNKNOWN,missing_required_data,,,,,LOW_VOLATILITY,,PULLBACK,,MAIN_SIGNAL,"[""low_atr""]",
sig_ce7f30a6f1df,2026-05-24T19:17:14.756760+00:00,ETHUSDT,short,,,,24,UNKNOWN,missing_required_data,,,,,LOW_VOLATILITY,,PULLBACK,,MAIN_SIGNAL,"[""low_atr""]",
sig_f85107da8bb1,2026-05-24T19:17:14.775777+00:00,BTCUSDT,long,267.95,266.468571,281.9,24,UNKNOWN,missing_price_path,,,,,HIGH_VOLATILITY,,PULLBACK,,MAIN_SIGNAL,,
sig_7a1af806d919,2026-05-24T20:51:23.516664+00:00,BTCUSDT,long,267.95,266.468571,281.9,24,UNKNOWN,missing_price_path,,,,,HIGH_VOLATILITY,,PULLBACK,,MAIN_SIGNAL,,
sig_c2dc46ca7b84,2026-05-24T20:51:23.520658+00:00,BTCUSDT,short,,,,24,UNKNOWN,missing_required_data,,,,,LOW_VOLATILITY,,PULLBACK,,MAIN_SIGNAL,"[""low_atr""]",
sig_d2571e753151,2026-05-24T20:51:23.522668+00:00,ETHUSDT,short,,,,24,UNKNOWN,missing_required_data,,,,,LOW_VOLATILITY,,PULLBACK,,MAIN_SIGNAL,"[""low_atr""]",
sig_200800562b25,2026-05-24T20:51:23.541570+00:00,BTCUSDT,long,267.95,266.468571,281.9,24,UNKNOWN,missing_price_path,,,,,HIGH_VOLATILITY,,PULLBACK,,MAIN_SIGNAL,,
sig_702ee17e6f28,2026-05-24T20:56:52.942135+00:00,BTCUSDT,long,267.95,266.468571,281.9,24,UNKNOWN,missing_price_path,,,,,HIGH_VOLATILITY,,PULLBACK,,MAIN_SIGNAL,,
sig_051dea56173d,2026-05-24T20:56:52.945559+00:00,BTCUSDT,short,,,,24,UNKNOWN,missing_required_data,,,,,LOW_VOLATILITY,,PULLBACK,,MAIN_SIGNAL,"[""low_atr""]",
sig_cd740e0a9b40,2026-05-24T20:56:52.947605+00:00,ETHUSDT,short,,,,24,UNKNOWN,missing_required_data,,,,,LOW_VOLATILITY,,PULLBACK,,MAIN_SIGNAL,"[""low_atr""]",
sig_576846f8a0ae,2026-05-24T20:56:52.966555+00:00,BTCUSDT,long,267.95,266.468571,281.9,24,UNKNOWN,missing_price_path,,,,,HIGH_VOLATILITY,,PULLBACK,,MAIN_SIGNAL,,
